film_id,title,year,genre,country,language,director
Mùi ngò gai,Mùi ngò gai,,"Tâm lý xã hội, Tình cảm, Gia đình",Việt Nam,tiếng Việt,"Kim Hyo-joong, Han Chul-soo, Chu Thiện, Trần Hữu Phúc"
Cô nàng bướng bỉnh,Cô nàng bướng bỉnh,,"Phiêu lưu, hành động, hài hước",,Tiếng Nga,Teodor Vulfovich
Cổng mặt trời (phim truyền hình),Cổng mặt trời (phim truyền hình),,"Tâm lý xã hội, Tình cảm, Hài hước",Việt Nam,tiếng Việt,Nguyễn Dương
Chuyện tình mùa thu,Chuyện tình mùa thu,,"Tình cảm, Tâm lý",Việt Nam,tiếng Việt,Trương Dũng
Một thời ta đuổi bóng,Một thời ta đuổi bóng,,"Tâm lý xã hội, Tình cảm",Việt Nam,tiếng Việt,Trương Dũng
Công chúa teen và ngũ hổ tướng,Công chúa teen và ngũ hổ tướng,,,Việt Nam,Tiếng Việt,Lê Lộc
Gia sư nữ quái,Gia sư nữ quái,,,Việt Nam,Tiếng Việt,Lê Bảo Trung
Cua lại vợ bầu,Cua lại vợ bầu,,,Việt Nam,Tiếng Việt,Nhất Trung
Bố già (phim 2021),Bố già (phim 2021),,,Việt Nam,Tiếng Việt,* Trấn Thành * Vũ Ngọc Đãng
Nhà bà Nữ,Nhà bà Nữ,,,,Tiếng Việt,Trấn Thành
Đất rừng phương Nam (phim),Đất rừng phương Nam (phim),,,Việt Nam,* Tiếng Việt * Tiếng Pháp,Nguyễn Quang Dũng
Mai (phim),Mai (phim),,,Việt Nam,Tiếng Việt,Trấn Thành
Bộ tứ báo thủ,Bộ tứ báo thủ,,,,Tiếng Việt,Trấn Thành
Gia đình phép thuật,Gia đình phép thuật,,"Thiếu nhi, Siêu nhiên, Hài hước",Việt Nam,Tiếng Việt,"Chu Thiện ((phần 1)), Sun Oh ((phần 2))"
Mệnh lệnh Hoa hồng,Mệnh lệnh Hoa hồng,,"Hài hước, Hành động",Việt Nam,tiếng Việt,Võ Thanh Hòa
Vừa đi vừa khóc,Vừa đi vừa khóc,,"Hài hước, Tâm lý xã hội, Tình cảm",,Tiếng Việt,Vũ Ngọc Đãng
Nhân tình lạc lối,Nhân tình lạc lối,,"Tâm lý xã hội, Tình cảm",Việt Nam,tiếng Việt,Lê Bảo Trung
Nguyệt thực (phim truyền hình),Nguyệt thực (phim truyền hình),,"Tâm lý xã hội, Tình cảm",Việt Nam,tiếng Việt,Nguyễn Trọng Hải
Cánh đồng bất tận (phim),Cánh đồng bất tận (phim),,,Việt Nam,Tiếng Việt,Nguyễn Phan Quang Bình
Long Ruồi,Long Ruồi,,,Việt Nam,Tiếng Việt,Charlie Nguyễn
Tèo em,Tèo em,,,25px Việt Nam,Tiếng Việt,Charlie Nguyễn
Trúng số (phim 2015),Trúng số (phim 2015),,,Việt Nam,Tiếng Việt,Dustin Nguyễn
Tấm Cám: Chuyện chưa kể,Tấm Cám: Chuyện chưa kể,,,Việt Nam,Tiếng Việt,Ngô Thanh Vân
Cô Ba Sài Gòn,Cô Ba Sài Gòn,,,Việt Nam,Tiếng Việt,* Trần Bửu Lộc * Kay Nguyễn
Gái già lắm chiêu 3,Gái già lắm chiêu 3,,,,Tiếng Việt,* Bảo Nhân * Namcito
Gái già lắm chiêu V: Những cuộc đời vương giả,Gái già lắm chiêu V: Những cuộc đời vương giả,,,Việt Nam,Tiếng Việt,* Bảo Nhân * Namcito
Cô gái từ quá khứ,Cô gái từ quá khứ,,,Việt Nam,Tiếng Việt,* Bảo Nhân * Namcito
Dòng máu anh hùng,Dòng máu anh hùng,,,Việt Nam,*Tiếng Việt *Tiếng Pháp,Charlie Nguyễn
Bẫy rồng,Bẫy rồng,,,Việt Nam,Tiếng Việt,Lê Thanh Sơn
Ngôi nhà trong hẻm,Ngôi nhà trong hẻm,,,Việt Nam,Tiếng Việt,Lê Văn Kiệt
Lửa Phật,Lửa Phật,,,Việt Nam,Tiếng Việt,Dustin Nguyễn
Siêu trộm (phim),Siêu trộm (phim),,,Việt Nam,Tiếng Việt,Trần Hàm
Về quê ăn Tết,Về quê ăn Tết,,,Việt Nam,Tiếng Việt,* Nguyễn Hoàng Anh
Song lang (phim),Song lang (phim),,,Việt Nam,Tiếng Việt,Leon Lê
Hai Phượng,Hai Phượng,,,Việt Nam,Tiếng Việt,Lê Văn Kiệt
Trạng Tí phiêu lưu ký,Trạng Tí phiêu lưu ký,,,Việt Nam,Tiếng Việt,Phan Gia Nhật Linh
Thanh Sói – Cúc dại trong đêm,Thanh Sói – Cúc dại trong đêm,,,Việt Nam,Tiếng Việt,Ngô Thanh Vân
Cô thủ môn tội nghiệp,Cô thủ môn tội nghiệp,,,Việt Nam,Tiếng Việt,Trần Cảnh Đôn
Vật đổi sao dời,Vật đổi sao dời,,,Việt Nam,Tiếng Việt,Charlie Nguyễn
Thưa mẹ con đi,Thưa mẹ con đi,,,Việt Nam,Tiếng Việt,Trịnh Đình Lê Minh
Mang mẹ đi bỏ,Mang mẹ đi bỏ,,,Việt Nam,"Tiếng Việt , Tiếng Hàn",Mo Hong-jin
Chốt đơn!,Chốt đơn!,,,Việt Nam,Tiếng Việt,"Bảo Nhân , Namcito"
Gia đình số đỏ,Gia đình số đỏ,,,25px Việt Nam,Tiếng Việt,Văn Công Viễn
Phượng khấu,Phượng khấu,,"Cổ trang, tâm lý",Việt Nam,Tiếng Việt,Huỳnh Tuấn Anh
Bước qua bóng tối,Bước qua bóng tối,,"Tâm lý xã hội, Hình sự",Việt Nam,tiếng Việt,Nguyễn Hoàng Trung
Quyến rũ (phim truyền hình),Quyến rũ (phim truyền hình),,"Tâm lý xã hội, Tình cảm",Việt Nam,tiếng Việt,Trương Quang Thịnh
Chủ tịch giao hàng,Chủ tịch giao hàng,,,Việt Nam,Tiếng Việt,Đỗ Đức Thịnh
Oan hồn (phim 2004),Oan hồn (phim 2004),,,Hoa Kỳ,Tiếng Việt,Victor Vũ
Chuyện tình xa xứ,Chuyện tình xa xứ,,,Việt Nam,"Tiếng Việt, Tiếng Anh",Victor Vũ
Giao lộ định mệnh,Giao lộ định mệnh,,,Việt Nam,Tiếng Việt,Victor Vũ
Cô dâu đại chiến,Cô dâu đại chiến,,,Việt Nam,Tiếng Việt,Victor Vũ
Thiên mệnh anh hùng,Thiên mệnh anh hùng,,,Việt Nam,Tiếng Việt,Victor Vũ
Scandal: Bí mật thảm đỏ,Scandal: Bí mật thảm đỏ,,,Việt Nam,Tiếng Việt,Victor Vũ
Cô dâu đại chiến 2,Cô dâu đại chiến 2,,,Việt Nam,Tiếng Việt,Victor Vũ
Quả tim máu,Quả tim máu,,,Việt Nam,Tiếng Việt,Victor Vũ
Tôi thấy hoa vàng trên cỏ xanh (phim),Tôi thấy hoa vàng trên cỏ xanh (phim),,,,Tiếng Việt,Victor Vũ
Mắt biếc (phim),Mắt biếc (phim),,,Việt Nam,Tiếng Việt,Victor Vũ
Thiên thần hộ mệnh,Thiên thần hộ mệnh,,,,Tiếng Việt,Victor Vũ
Trại hoa đỏ (phim),Trại hoa đỏ (phim),,"Trinh thám, ly kỳ",Việt Nam,tiếng Việt,Victor Vũ
Để Mai tính,Để Mai tính,,,25px Việt Nam,Tiếng Việt,Charlie Nguyễn
Khát vọng Thăng Long,Khát vọng Thăng Long,,,,Tiếng Việt,Lưu Trọng Ninh
Cưới ngay kẻo lỡ,Cưới ngay kẻo lỡ,,,25px Việt Nam,Tiếng Việt,Charlie Nguyễn
Bụi đời Chợ Lớn,Bụi đời Chợ Lớn,,,25px Việt Nam,Tiếng Việt,Charlie Nguyễn
Để Mai tính 2,Để Mai tính 2,,,25px Việt Nam,Tiếng Việt,Charlie Nguyễn
Em chưa 18,Em chưa 18,,,Việt Nam,Tiếng Việt,Lê Thanh Sơn
Hồn papa da con gái,Hồn papa da con gái,,,Việt Nam,Tiếng Việt,Ken Ochiai
Tiệc trăng máu,Tiệc trăng máu,,,Việt Nam,Tiếng Việt,Nguyễn Quang Dũng
Tử chiến trên không,Tử chiến trên không,,,Việt Nam,Tiếng Việt,Hàm Trần
12 chòm sao: Vẽ đường cho yêu chạy,12 chòm sao: Vẽ đường cho yêu chạy,,,25px Việt Nam,Tiếng Việt,Vũ Ngọc Phượng
Tháng năm rực rỡ,Tháng năm rực rỡ,,,Việt Nam,Tiếng Việt,Nguyễn Quang Dũng
Chìa khóa trăm tỷ,Chìa khóa trăm tỷ,,,,Tiếng Việt,Võ Thanh Hòa
Huyền sử thiên đô (phim),Huyền sử thiên đô (phim),,"Lịch sử, Cổ trang",,tiếng Việt,"NSƯT Tất Bình, NSND Phạm Thanh Phong"
Bí mật tam giác vàng,Bí mật tam giác vàng,,"Tâm lý xã hội, Hình sự, Hành động",Việt Nam,tiếng Việt,Nguyễn Dương
Hoa nở trái mùa,Hoa nở trái mùa,,"Tâm lý xã hội, Tình cảm, Gia đình",Việt Nam,tiếng Việt,"Nguyễn Khải Anh, Nguyễn Đức Hiếu"
Đường lên Điện Biên,Đường lên Điện Biên,,"Lịch sử, Chiến tranh, Tình cảm",,Tiếng Việt,NSƯT Bùi Tuấn Dũng
"Zippo, mù tạt và em","Zippo, mù tạt và em",,"Tâm lý, Tình cảm",Việt Nam,Tiếng Việt,"Trọng Trinh, Bùi Tiến Huy"
Tuổi thanh xuân,Tuổi thanh xuân,,"Hài hước, Tâm lý, Tình cảm",Việt Nam,"Tiếng Việt, Tiếng Hàn","Nguyễn Khải Anh, Bùi Tiến Huy, Myung Hyun Woo, Lee Jeong Wook"
Ngược chiều nước mắt,Ngược chiều nước mắt,,"Tâm lý xã hội, Hôn nhân, Gia đình",Việt Nam,,Vũ Minh Trí
Cả một đời ân oán,Cả một đời ân oán,,"Tâm lý, Tình cảm, Gia đình",Việt Nam,Tiếng Việt,"Trọng Trinh, Vũ Trường Khoa, Bùi Tiến Huy"
Chạy trốn thanh xuân,Chạy trốn thanh xuân,,"Tâm lý xã hội, Tình cảm, Thanh xuân",Việt Nam,tiếng Việt,"Vũ Minh Trí, Nguyễn Đức Hiếu"
Sinh tử,Sinh tử,,"Chính luận, Hình sự, Trinh thám, Xã hội",Việt Nam,"tiếng Việt, tiếng Lào","Nguyễn Khải Hưng (tập 1-40), Nguyễn Mai Hiền (tập 41-80)"
Tình yêu và tham vọng,Tình yêu và tham vọng,,"Tâm lý, Tình cảm",Việt Nam,Tiếng Việt,Bùi Tiến Huy
Hồ sơ cá sấu,Hồ sơ cá sấu,,"Tâm lý, Hình sự, Hành động",Việt Nam,Tiếng Việt,Nguyễn Mai Hiền
Hương vị tình thân,Hương vị tình thân,,"Tâm lý xã hội, Tình cảm, Gia đình",Việt Nam,tiếng Việt,Nguyễn Danh Dũng
Đừng nói khi yêu,Đừng nói khi yêu,,"Gia đình, Lãng mạn, Tình cảm, Hài hước, Tâm lý xã hội",Việt Nam,tiếng Việt,Bùi Tiến Huy
Chúng ta của 8 năm sau,Chúng ta của 8 năm sau,,"Lãng mạn, Gia đình, Tình cảm, Tuổi trẻ, Tâm lý xã hội",Việt Nam,tiếng Việt,Bùi Tiến Huy
Không thời gian (phim truyền hình),Không thời gian (phim truyền hình),,"Chính luận, Hình sự, Chiến tranh, Tâm lý xã hội",Việt Nam,Tiếng Việt,"Nguyễn Danh Dũng, Nguyễn Đức Hiếu"
Thầu Chín ở Xiêm,Thầu Chín ở Xiêm,,"Lịch sử, Chiến tranh",Việt Nam,"Tiếng Việt, Tiếng Pháp, Tiếng Thái",NSƯT Bùi Tuấn Dũng
Hoa bay,Hoa bay,,"Tâm lý xã hội, Tình cảm",Việt Nam,tiếng Việt,"NSƯT Xuân Sơn, NSƯT Đăng Khoa"
Lời thì thầm từ quá khứ,Lời thì thầm từ quá khứ,,"Tâm lý xã hội, Kinh dị",Việt Nam,Tiếng Việt,NSƯT Mai Hồng Phong
Hợp đồng hôn nhân (phim truyền hình),Hợp đồng hôn nhân (phim truyền hình),,"Lãng mạn, Hài kịch",Việt Nam,tiếng Việt,Nguyễn Khải Hưng
Lặng yên dưới vực sâu,Lặng yên dưới vực sâu,,"Tâm lý, Tình cảm",Việt Nam,tiếng Việt,Đào Duy Phúc
Giao mùa,Giao mùa,,"Tâm lý xã hội, Gia đình, Tình cảm",Việt Nam,Tiếng Việt,Trần Hoài Sơn
Quỳnh búp bê,Quỳnh búp bê,,"Chính kịch, Tâm lý xã hội",,Tiếng Việt,Mai Hồng Phong
Nàng dâu order,Nàng dâu order,,"Tâm lý, Tình cảm, Gia đình",Việt Nam,tiếng Việt,Bùi Quốc Việt
Cô gái nhà người ta,Cô gái nhà người ta,,"Tâm lý, Bi kịch, Tình cảm, Hài hước",Việt Nam,Tiếng Việt,Trịnh Lê Phong
Những ngày không quên,Những ngày không quên,,,Việt Nam,Tiếng Việt,"Nguyễn Danh Dũng, Trịnh Lê Phong"
Lựa chọn số phận,Lựa chọn số phận,,"Tâm lý xã hội, Hình sự",Việt Nam,Tiếng Việt,"Mai Hồng Phong, Bùi Quốc Việt"
Võ lâm truyền kỳ (phim),Võ lâm truyền kỳ (phim),,,Việt Nam,Tiếng Việt,Lê Bảo Trung
Nụ hôn thần chết (phim),Nụ hôn thần chết (phim),,,Việt Nam,Tiếng Việt,Nguyễn Quang Dũng
Bóng ma học đường,Bóng ma học đường,,,Việt Nam,Tiếng Việt,Lê Bảo Trung
Hoán đổi thân xác,Hoán đổi thân xác,,,Việt Nam,Tiếng Việt,Nhất Trung
Hello cô Ba,Hello cô Ba,,,Việt Nam,Tiếng Việt,Nguyễn Quang Minh
Nhà có 5 nàng tiên,Nhà có 5 nàng tiên,,,Việt Nam,Tiếng Việt,Trần Ngọc Giàu
Năm sau con lại về,Năm sau con lại về,,,Việt Nam,Tiếng Việt,Trần Ngọc Giàu
Tía tui là cao thủ,Tía tui là cao thủ,,,Việt Nam,Tiếng Việt,* Trần Ngọc Giàu * Nguyễn Thành Nam
Anh ba khía,Anh ba khía,,"Tâm lý xã hội, Tình cảm, Hài kịch",Việt Nam,tiếng Việt,Xuân Phước
Sui gia khắc khẩu,Sui gia khắc khẩu,,"Tâm lý xã hội, Tình cảm, Hài kịch",Việt Nam,tiếng Việt,Xuân Phước
Khi đàn ông có bầu,Khi đàn ông có bầu,,,25px Việt Nam,Tiếng Việt,Phạm Hoàng Nam
Tình án,Tình án,,"Tâm lý xã hội, Tình cảm, Thời xưa",Việt Nam,tiếng Việt,Võ Việt Hùng
Tây Sơn hào kiệt,Tây Sơn hào kiệt,,,Việt Nam,Tiếng Việt,"Lý Huỳnh, Lý Hùng, Phượng Hoàng"
Nàng men chàng bóng,Nàng men chàng bóng,,,Việt Nam,Tiếng Việt,Võ Tấn Bình
Bay vào cõi mộng,Bay vào cõi mộng,,,25px Việt Nam,Tiếng Việt,Nguyễn Phương Điền
Tình thắm duyên xuân,Tình thắm duyên xuân,,"Tâm lý xã hội, Gia đình, Hài kịch",Việt Nam,tiếng Việt,Nguyễn Phương Điền
Trái đắng,Trái đắng,,"Tâm lý xã hội, Tình cảm",Việt Nam,tiếng Việt,"Đỗ Lệnh Hùng Vỹ, Trần Cảnh Đôn"
Thần tượng (phim),Thần tượng (phim),,,Việt Nam,Tiếng Việt,Nguyễn Quang Huy
Xóm nước đen,Xóm nước đen,,"Hình sự, Tình cảm, Tâm lý xã hội",Việt Nam,tiếng Việt,Đỗ Phú Hải
Giải cứu thần chết,Giải cứu thần chết,,,Việt Nam,Tiếng Việt,Nguyễn Quang Dũng
Thứ ba học trò,Thứ ba học trò,,Phim tuổi teen,,Tiếng Việt,Đặng Lưu Việt Bảo
Cô gái xấu xí,Cô gái xấu xí,,,,Tiếng Việt,Nguyễn Minh Chung
Chàng trai năm ấy,Chàng trai năm ấy,,,25px Việt Nam,tiếng Việt,Nguyễn Quang Huy
Em là bà nội của anh,Em là bà nội của anh,,,25px Việt Nam,Tiếng Việt,Phan Gia Nhật Linh
Cô gái đến từ hôm qua (phim),Cô gái đến từ hôm qua (phim),,,Việt Nam,vi,Phan Gia Nhật Linh
"Yêu đi, đừng sợ!","Yêu đi, đừng sợ!",,,Việt Nam,Tiếng Việt,Stephane Gauger
Chị trợ lý của anh,Chị trợ lý của anh,,,Việt Nam,Tiếng Việt,Mỹ Tâm (lấy nghệ danh Mira Dương)
Em là của em,Em là của em,,,Việt Nam,Tiếng Việt,Lê Thiện Viễn
Blouse trắng,Blouse trắng,,"Y học, Tâm lý xã hội, Chính luận",Việt Nam,tiếng Việt,Trần Mỹ Hà
Con khỉ mồ côi,Con khỉ mồ côi,,,Việt Nam,Tiếng Việt,Trần Quang Đại
Hoa nắng (phim truyền hình Việt Nam),Hoa nắng (phim truyền hình Việt Nam),,"Tâm lý xã hội, Tình cảm, Gia đình",Việt Nam,tiếng Việt,Đặng Minh Quang
Sông dài (phim truyền hình),Sông dài (phim truyền hình),,"Tâm lý xã hội, Tình cảm, Gia đình",Việt Nam,tiếng Việt,Trương Dũng
Danh vọng phù hoa,Danh vọng phù hoa,,"Tình cảm, Hành động",Việt Nam,Tiếng Việt,Trương Dũng
Bên kia sông,Bên kia sông,,"Tâm lý xã hội, Hình sự",Việt Nam,tiếng Việt,"Đỗ Phú Hải, Phạm Ngọc Châu"
Mẹ ghẻ (phim truyền hình),Mẹ ghẻ (phim truyền hình),,"Tâm lý xã hội, Tình cảm, Gia đình",Việt Nam,tiếng Việt,Trương Dũng
Chống lại số phận,Chống lại số phận,,"Tình cảm, Tâm lý",Việt Nam,tiếng Việt,NSƯT Nhâm Minh Hiền
Canh bạc tình yêu,Canh bạc tình yêu,,"Tâm lý xã hội, Tình cảm",Việt Nam,tiếng Việt,Trương Dũng
Nơi ngọn gió dừng chân,Nơi ngọn gió dừng chân,,"Tâm lý xã hội, Tình cảm, Gia đình",Việt Nam,tiếng Việt,Quách Khoa Nam
Kế hoạch hoàn hảo,Kế hoạch hoàn hảo,,"Tâm lý xã hội, Hình sự, Hành động",Việt Nam,tiếng Việt,Võ Việt Hùng
Sút,Sút,,,,Tiếng Việt,Việt Max
Lật mặt (phim),Lật mặt (phim),,,Việt Nam,Tiếng Việt,Lý Hải
"Sài Gòn, anh yêu em","Sài Gòn, anh yêu em",,,25px Việt Nam,Tiếng Việt,"Lý Minh Thắng ''(tổng đạo diễn)'', Huỳnh Lập, La Quốc Hùng"
Cô hầu gái,Cô hầu gái,,,Việt Nam,"Tiếng Việt, Tiếng Anh",Derek Nguyen
"4 năm, 2 chàng, 1 tình yêu","4 năm, 2 chàng, 1 tình yêu",,,Việt Nam,Tiếng Việt,Luk Vân
Cổ tích Việt Nam (phim),Cổ tích Việt Nam (phim),,"Đồng thoại, khôi hài, phiêu lưu",Việt Nam,Tiếng Việt,"Nguyễn Minh Chung, Lâm Lê Dũng, Phạm Ngọc Châu, Xuân Phước, Quách Khoa Nam"
Thẩm mỹ viện (phim truyền hình),Thẩm mỹ viện (phim truyền hình),,"Tình cảm, Hài hước",Việt Nam,tiếng Việt,Đinh Đức Liêm
Tiệm bánh Hoàng tử bé,Tiệm bánh Hoàng tử bé,,Phim hài tình huống teen,Việt Nam,Tiếng Việt,Văn Công Viễn
Nghiệt oan,Nghiệt oan,,"Tâm lý xã hội, Tình cảm, Hành động",Việt Nam,tiếng Việt,Hoàng Tuấn Cường
Tiệm bánh Hoàng tử bé 2,Tiệm bánh Hoàng tử bé 2,,Hài kịch tình huống,Việt Nam,Tiếng Việt,Văn Công Viễn
Cô Thắm về làng (phim truyền hình),Cô Thắm về làng (phim truyền hình),,"Hài hước, Tình cảm, Ca nhạc",Việt Nam,Tiếng Việt,"Lê Hướng Nam (phần 1), Nguyễn Hoàng Anh (phần 2, 3) , Lương Trung Tín (phần 3), Võ Thạch Thảo (phần 4)"
Gia đình là số 1 (phim truyền hình 2017),Gia đình là số 1 (phim truyền hình 2017),,"Gia đình, hài hước",Việt Nam,Tiếng Việt,"Nguyễn Hồng Chi, Nhật Trung"
Sống trong bóng đêm,Sống trong bóng đêm,,"Tâm lý xã hội, Tình cảm, Gia đình",Việt Nam,tiếng Việt,Nguyễn Phương Điền
Gạo nếp gạo tẻ,Gạo nếp gạo tẻ,,"Tâm lý, Tình cảm, Gia đình",Việt Nam,Tiếng Việt,"Võ Thạch Thảo (phần 1), Nguyễn Hoàng Anh (phần 2)"
Giấc mơ của mẹ,Giấc mơ của mẹ,,"Tâm lý, Tình cảm, Gia đình",Việt Nam,Tiếng Việt,
Có hẹn với yêu thương,Có hẹn với yêu thương,,"Tâm lý xã hội, Tình cảm, Hài kịch",Việt Nam,tiếng Việt,Xuân Phước
Cuộc gọi lúc 0 giờ,Cuộc gọi lúc 0 giờ,,"Tâm lý xã hội, Điều tra",Việt Nam,tiếng Việt,Nguyễn Danh Dũng
Siêu lừa gặp siêu lầy,Siêu lừa gặp siêu lầy,,,Việt Nam,Tiếng Việt,Võ Thanh Hòa
Gặp lại chị bầu,Gặp lại chị bầu,,,Việt Nam,Tiếng Việt,Đoàn Nhất Trung
Gia đình là số 1,Gia đình là số 1,,"Gia đình, hài hước",Việt Nam,Tiếng Việt,"Nguyễn Hồng Chi, Nhật Trung"
Ai chết giơ tay,Ai chết giơ tay,,"Giả tưởng, Kinh dị, Hài",Việt Nam,Tiếng Việt,"* Phần đầu tiên: Huỳnh Lập, * Tiền truyện, bản điện ảnh: Lý Minh Thắng, Huỳnh Lập"
Chuyện ma gần nhà,Chuyện ma gần nhà,,,Việt Nam,Tiếng Việt,Trần Hữu Tấn
Gieo gió,Gieo gió,,"Tâm lý, Tình cảm, Hình sự",Việt Nam,tiếng Việt,Trần Hà Sơn
Sao đổi ngôi (phim truyền hình Việt Nam),Sao đổi ngôi (phim truyền hình Việt Nam),,"Tâm lý, Tình cảm",Việt Nam,tiếng Việt,Lê Lộc
Sóng tình (phim truyền hình),Sóng tình (phim truyền hình),,"Tâm lý xã hội, Tình cảm",Việt Nam,tiếng Việt,Xuân Cường
Chị chị em em 2,Chị chị em em 2,,,Việt Nam,Tiếng Việt,Vũ Ngọc Đãng
Tình mẫu tử (phim truyền hình Việt Nam),Tình mẫu tử (phim truyền hình Việt Nam),,"Tâm lý xã hội, Tình cảm, Gia đình",Việt Nam,tiếng Việt,Hoàng Tuấn Cường
Lật mặt 7: Một điều ước,Lật mặt 7: Một điều ước,,,Việt Nam,Tiếng Việt,Lý Hải
Hướng nghiệp (phim truyền hình),Hướng nghiệp (phim truyền hình),,"Tâm lý xã hội, Tình cảm",Việt Nam,tiếng Việt,Châu Huế
Nữ bác sĩ,Nữ bác sĩ,,"Y học, Tâm lý xã hội, Tình cảm",Việt Nam,tiếng Việt,Song Chi
Những thiên thần áo trắng,Những thiên thần áo trắng,,"Hài hước, Tình cảm, Tâm lý, Thanh xuân",Việt Nam,tiếng Việt,Lê Hoàng
Những đứa con biệt động Sài Gòn,Những đứa con biệt động Sài Gòn,,"Tâm lý xã hội, Hình sự, Hành động",Việt Nam,tiếng Việt,"NSƯT Khương Đức Thuận, Đặng Minh Quang (phần 1), Đỗ Chí Hướng (phần 2), Kiển Châu (Chỉ đạo nghệ thuật)"
Váy hồng tầng 24,Váy hồng tầng 24,,"Tình cảm, Hài kịch",Việt Nam,tiếng Việt,Nguyễn Minh Chung
Người cộng sự,Người cộng sự,,"Tâm lý xã hội, Lịch sử",Việt Nam,"Tiếng Việt, Tiếng Nhật","NSƯT Phạm Thanh Phong, Jun Moto"
Ông trùm (phim truyền hình Việt Nam),Ông trùm (phim truyền hình Việt Nam),,"Hành động, Hình sự, Tình cảm",Việt Nam,tiếng Việt,Nguyễn Dương
Trận đồ bát quái,Trận đồ bát quái,,"Tâm lý, Tình cảm",Việt Nam,tiếng Việt,Chu Thiện
"Mẹ ơi, bố đâu rồi?","Mẹ ơi, bố đâu rồi?",,Dramedy (Bi-hài kịch),Việt Nam,tiếng Việt,Bùi Tiến Huy
Trói buộc yêu thương,Trói buộc yêu thương,,"Tâm lý xã hội, Gia đình",Việt Nam,,Lê Hùng Phương
Thương ngày nắng về,Thương ngày nắng về,,"Tâm lý xã hội, Tình cảm, Gia đình",Việt Nam,tiếng Việt,"Bùi Tiến Huy, Vũ Trường Khoa"
Gia đình mình vui bất thình lình,Gia đình mình vui bất thình lình,,"Gia đình, Lãng mạn, Chính kịch, Hài hước, Tâm lý xã hội",Việt Nam,Tiếng Việt,"Nguyễn Đức Hiếu, Lê Đỗ Ngọc Linh"
Tết ở làng địa ngục,Tết ở làng địa ngục,,"Kinh dị cổ trang, Siêu nhiên",Việt Nam,Tiếng Việt,Trần Hữu Tấn
Kẻ ăn hồn,Kẻ ăn hồn,,,Việt Nam,Tiếng Việt,Trần Hữu Tấn
Bẫy ngọt ngào,Bẫy ngọt ngào,,,,Tiếng Việt,Đinh Hà Uyên Thư
Ầu ơ ví dầu,Ầu ơ ví dầu,,"Tâm lý xã hội, Tình cảm, Gia đình",Việt Nam,tiếng Việt,Nguyễn Duy Linh
Gia đình là số 1 - Phần 2 (phim truyền hình 2019),Gia đình là số 1 - Phần 2 (phim truyền hình 2019),,"Gia đình, hài hước",Việt Nam,Tiếng Việt,"Nguyễn Hồng Chi, Nhật Trung"
Cái giá của hạnh phúc,Cái giá của hạnh phúc,,,Việt Nam,Tiếng Việt,Nguyễn Ngọc Lâm
Ba người đàn ông,Ba người đàn ông,,,,Tiếng Việt,Trần Ngọc Phong
Ai xuôi vạn lý,Ai xuôi vạn lý,,,,tiếng Việt,Lê Hoàng
Mẹ con Đậu Đũa,Mẹ con Đậu Đũa,,"Tâm lý xã hội, Tình cảm, Gia đình",Việt Nam,tiếng Việt,Trương Dũng
Đời cát,Đời cát,,,,Tiếng Việt,Nguyễn Thanh Vân
Tôi vào đời,Tôi vào đời,,"Tình cảm, Võ thuật, Gia đình",Việt Nam,Tiếng Việt,Nguyễn Quốc Hưng
Lẵng hoa tình yêu,Lẵng hoa tình yêu,,Hài kịch tình huống,Việt Nam,Tiếng Việt,Vinh Hương
Dưới cờ đại nghĩa,Dưới cờ đại nghĩa,,"Lịch sử, Hành động, Chiến tranh, Tình cảm",Việt Nam,tiếng Việt,"Nguyễn Tường Phương, Lê Phương Nam"
Gọi giấc mơ về,Gọi giấc mơ về,,"Tình cảm, Học đường",Việt Nam,tiếng Việt,Xuân Cường
Taxi (phim truyền hình),Taxi (phim truyền hình),,"Tâm lý xã hội, Hành động",Việt Nam,tiếng Việt,Phạm Ngọc Châu
Câu chuyện pháp đình,Câu chuyện pháp đình,,"Hình sự, Tâm lý",Việt Nam,Tiếng Việt,Nguyễn Tường Phương
Ký ức mong manh,Ký ức mong manh,,"Tâm lý xã hội, Tình cảm, Gia đình",Việt Nam,tiếng Việt,NSƯT Đặng Lưu Việt Bảo
Âm tính,Âm tính,,"Tâm lý xã hội, Tình cảm",Việt Nam,tiếng Việt,Nguyễn Phương Điền
Nhiệm vụ đặc biệt,Nhiệm vụ đặc biệt,,"Tâm lý xã hội, Tội phạm, Hình sự",Việt Nam,tiếng Việt,Bùi Tuấn Dũng
"Cá Rô, em yêu anh!","Cá Rô, em yêu anh!",,"Hài kịch, Tình cảm",Việt Nam,tiếng Việt,NSƯT Nguyễn Phương Điền
Ải mỹ nhân,Ải mỹ nhân,,"Tâm lý xã hội, Tình cảm, Thời xưa",Việt Nam,tiếng Việt,Xuân Phước
Trần Trung kỳ án,Trần Trung kỳ án,,"Tình cảm, Cổ trang",Việt Nam,tiếng Việt,Bùi Ngọc Nam Phương
Lạc lối,Lạc lối,,,Việt Nam,Tiếng Việt,Phạm Nhuệ Giang
Trà táo đỏ,Trà táo đỏ,,"Tâm lý xã hội, Tình cảm, Hành động",Việt Nam,tiếng Việt,"Võ Việt Hùng (phần 1), Chu Thiện (phần 2)"
Không lối thoát (phim truyền hình),Không lối thoát (phim truyền hình),,"Tâm lý xã hội, Tình cảm, Gia đình",Việt Nam,tiếng Việt,Xuân Phước
Dâu bể đường trần,Dâu bể đường trần,,"Tâm lý xã hội, Tình cảm, Gia đình",Việt Nam,tiếng Việt,Xuân Phước
Kẻ sát nhân cô độc,Kẻ sát nhân cô độc,,"Tâm lý xã hội, Tội phạm, Hình sự",Việt Nam,tiếng Việt,Trần Đức Long
Cây táo nở hoa,Cây táo nở hoa,,"Tâm lý, Tình cảm, Gia đình",Việt Nam,tiếng Việt,Võ Thạch Thảo
Người lắng nghe: Lời thì thầm,Người lắng nghe: Lời thì thầm,,,Việt Nam,Tiếng Việt,Khoa Nguyễn
Em và Trịnh,Em và Trịnh,,,Việt Nam,"Tiếng Việt, Tiếng Pháp",Phan Gia Nhật Linh
Bí mật nghiệt ngã,Bí mật nghiệt ngã,,"Tâm lý xã hội, Tình cảm",Việt Nam,tiếng Việt,Huỳnh Đông
Ăn tết miệt vườn,Ăn tết miệt vườn,,"Tình cảm, Gia đình, Hài kịch",Việt Nam,tiếng Việt,Quách Khoa Nam
Lụa (phim truyền hình),Lụa (phim truyền hình),,Tình cảm,Việt Nam,tiếng Việt,Trần Đức Long
Thử thách cuộc đời,Thử thách cuộc đời,,"Tâm lý xã hội, Tình cảm",Việt Nam,tiếng Việt,Trương Dũng
Bỗng dưng muốn khóc,Bỗng dưng muốn khóc,,"Hài hước, Tình cảm",,tiếng Việt,Vũ Ngọc Đãng
Lối sống sai lầm,Lối sống sai lầm,,"Tâm lý xã hội, Tình cảm",Việt Nam,tiếng Việt,Oh Seung Yuep
Cha rơi,Cha rơi,,"Tâm lý xã hội, Tình cảm, Gia đình",Việt Nam,Tiếng Việt,Nguyễn Phương Điền
Đam mê nghiệt ngã (phim truyền hình Việt Nam),Đam mê nghiệt ngã (phim truyền hình Việt Nam),,"Tâm lý xã hội, Tình cảm, Gia đình",,Tiếng Việt,Nguyễn Minh Chung
Hạnh phúc của người khác,Hạnh phúc của người khác,,"Tâm lý xã hội, Tình cảm",Việt Nam,tiếng Việt,Đinh Đức Liêm
Khúc hát mặt trời,Khúc hát mặt trời,,"Tâm lý xã hội, Tình cảm",Việt Nam,"Tiếng Việt, Tiếng Nhật",Vũ Trường Khoa
Sông phố nhà ghe,Sông phố nhà ghe,,"Tâm lý xã hội, Tình cảm, Hài kịch",Việt Nam,Tiếng Việt,Trần Ngọc Phong
Mật mã hoa hồng vàng,Mật mã hoa hồng vàng,,"Tâm lý xã hội, Tình cảm, Hành động",Việt Nam,tiếng Việt,Quách Khoa Nam
Ngày ấy mình đã yêu,Ngày ấy mình đã yêu,,"Tâm lý, Tình cảm, Gia đình",Việt Nam,Tiếng Việt,Nguyễn Khải Anh
Kẻ ngược dòng,Kẻ ngược dòng,,"Chính kịch, Hình sự",,Tiếng Việt,Nguyễn Duy Võ Ngọc
Ngũ hợi tấn hỷ,Ngũ hợi tấn hỷ,,"Tâm lý xã hội, Tình cảm, Hài hước",Việt Nam,tiếng Việt,Dũng Nghệ
Về nhà đi con,Về nhà đi con,,"Tâm lý, Tình cảm, Gia đình",Việt Nam,tiếng Việt,Nguyễn Danh Dũng
Muôn kiểu làm dâu,Muôn kiểu làm dâu,,"Tâm lý xã hội, Tình cảm, Gia đình, Hài hước",Việt Nam,tiếng Việt,
Lời nguyền Domino,Lời nguyền Domino,,"Tâm lý xã hội, Tình cảm, Hình sự",Việt Nam,tiếng Việt,Nhâm Minh Hiền
Luật trời,Luật trời,,"Tâm lý xã hội, Tình cảm",Việt Nam,tiếng Việt,Võ Việt Hùng
Thương con cá rô đồng,Thương con cá rô đồng,,"Tâm lý xã hội, Tình cảm, Gia đình",Việt Nam,tiếng Việt,Hoàng Tuấn Cường
Bánh mì ông Màu,Bánh mì ông Màu,,"Tâm lý xã hội, Tình cảm, Hài hước",Việt Nam,tiếng Việt,Nguyễn Quang Minh
Vũ điệu giữa bầy sói,Vũ điệu giữa bầy sói,,"Tâm lý xã hội, Hình sự, Hành động",Việt Nam,tiếng Việt,Hoàng Thơ
Mẹ trùm,Mẹ trùm,,"Tâm lý xã hội, Hình sự",Việt Nam,tiếng Việt,Nguyễn Hồng Chi
Giã từ những đêm hoang,Giã từ những đêm hoang,,"Tâm lý xã hội, Tình cảm",Việt Nam,tiếng Việt,"Nguyễn Đỗ Khoa, Phạm Lộc"
Rồi 30 năm sau,Rồi 30 năm sau,,"Tâm lý xã hội, Tình cảm, Gia đình",Việt Nam,tiếng Việt,Nguyễn Quang Minh
Mẹ rơm,Mẹ rơm,,"Gia đình, Nông thôn",Việt Nam,Tiếng Việt,Nguyễn Phương Điền
Hoa hồng cho sớm mai,Hoa hồng cho sớm mai,,"Tâm lý xã hội, Tình cảm",Việt Nam,tiếng Việt,Võ Việt Hùng
Chúng ta phải hạnh phúc,Chúng ta phải hạnh phúc,,"Chính kịch, Tình cảm",Việt Nam,tiếng Việt,Đinh Thái Thụy
Án mạng lầu 4,Án mạng lầu 4,,,Việt Nam,Tiếng Việt,Nguyễn Hữu Tuấn
Người đẹp Tây Đô,Người đẹp Tây Đô,,"Tình cảm, Dã sử",Việt Nam,Tiếng Việt,Lê Cung Bắc
Những nẻo đường phù sa,Những nẻo đường phù sa,,"Dã sử, Chiến tranh, Tâm lý",Việt Nam,"tiếng Việt, tiếng Pháp, tiếng Anh","Châu Huế, Trần Ngọc Phong"
Cầu thang tối,Cầu thang tối,,,Việt Nam,Tiếng Việt,Đào Bá Sơn
Phố Hoài,Phố Hoài,,"lãng mạn, chính kịch",Việt Nam,Tiếng Việt,Song Chi
Lục Vân Tiên (phim truyền hình),Lục Vân Tiên (phim truyền hình),,"Lịch sử, Cổ trang",Việt Nam,tiếng Việt,"Đỗ Phú Hải, Lê Bảo Trung, Nguyễn Phương Điền"
Nghề báo (phim truyền hình),Nghề báo (phim truyền hình),,"Tâm lý, Xã hội",Việt Nam,tiếng Việt,Phi Tiến Sơn
Kính vạn hoa (phim truyền hình),Kính vạn hoa (phim truyền hình),,,Việt Nam,Tiếng Việt,"Nguyễn Minh Chung, Đỗ Phú Hải"
Cây nước mắt,Cây nước mắt,,"Chính kịch, Tình cảm",Việt Nam,tiếng Việt,Nguyễn Xuân Hiệp
Đường đua (phim năm 2013),Đường đua (phim năm 2013),,,,Tiếng Việt,Nguyễn Khắc Huy
Chuyến đi cuối cùng của chị Phụng,Chuyến đi cuối cùng của chị Phụng,,,,Tiếng Việt,Nguyễn Thị Thắm
Đảo của dân ngụ cư,Đảo của dân ngụ cư,,,Việt Nam,Tiếng Việt,Hồng Ánh
Tro tàn rực rỡ,Tro tàn rực rỡ,,,,Tiếng Việt,Bùi Thạc Chuyên
Những ông bố độc thân,Những ông bố độc thân,,"Tâm lý xã hội, Tình cảm, Gia đình",Việt Nam,tiếng Việt,NSƯT Nguyễn Thanh Vân
14 ngày phép,14 ngày phép,,,,Tiếng Việt,Nguyễn Trọng Khoa
Huyền thoại bất tử,Huyền thoại bất tử,,,Việt Nam,Tiếng Việt,Lưu Huỳnh
Địa đạo: Mặt trời trong bóng tối,Địa đạo: Mặt trời trong bóng tối,,,Việt Nam,* Tiếng Việt * Tiếng Anh,Bùi Thạc Chuyên
Hai Cũ,Hai Cũ,,,Việt Nam,Tiếng Việt,Lam Sơn
Vị đắng tình yêu,Vị đắng tình yêu,,,Việt Nam,tiếng Việt,Lê Xuân Hoàng
Ông cố vấn,Ông cố vấn,,"Gián điệp, chính luận",Việt Nam,"Tiếng Việt, Tiếng Pháp, Tiếng Anh, Tiếng Latin",Lê Dân
Xích lô (phim),Xích lô (phim),,,"Việt Nam , Pháp , Hồng Kông",Tiếng Việt,Trần Anh Hùng
Lưỡi dao (phim),Lưỡi dao (phim),,,Việt Nam,tiếng Việt,Lê Hoàng
Đất phương Nam,Đất phương Nam,,Chính kịch,Việt Nam,Tiếng Việt,Nguyễn Vinh Sơn
Đợi tàu,Đợi tàu,,"Tâm lý, Xã hội",Việt Nam,tiếng Việt,Trương Dũng
Thung lũng hoang vắng,Thung lũng hoang vắng,,,,Tiếng Việt,NSND Phạm Nhuệ Giang
Người đàn bà yếu đuối,Người đàn bà yếu đuối,,"Tình cảm, Tâm lý xã hội",Việt Nam,"Tiếng Việt, Tiếng Khmer",Đinh Đức Liêm
Người Mỹ trầm lặng (phim 2002),Người Mỹ trầm lặng (phim 2002),,,Mỹ,"Tiếng Anh, Tiếng Việt",Phillip Noyce
Mùa len trâu,Mùa len trâu,,,,Tiếng Việt,Nguyễn Võ Nghiêm Minh
Cổ tích Việt Nam,Cổ tích Việt Nam,,"Đồng thoại, khôi hài, phiêu lưu",Việt Nam,Tiếng Việt,"Nguyễn Minh Chung, Lâm Lê Dũng, Phạm Ngọc Châu, Xuân Phước, Quách Khoa Nam"
Mười (phim),Mười (phim),,,"Hàn Quốc, Việt Nam","Tiếng Hàn, Tiếng Việt",Kim Tae-kyeong
Dù gió có thổi,Dù gió có thổi,,,Việt Nam,Tiếng Việt,Hồ Thái Hòa / Nguyễn Phương Điền
Áo cưới thiên đường,Áo cưới thiên đường,,"Tâm lý, Tình cảm, Hài hước",Việt Nam,tiếng Việt,Nguyễn Duy Võ Ngọc
Sài Gòn Yo!,Sài Gòn Yo!,,,25px Việt Nam,Tiếng Việt,Stephane Gauger
Vó ngựa trời Nam,Vó ngựa trời Nam,,"Lịch sử, Chiến tranh, Tình cảm",Việt Nam,tiếng Việt,NSƯT Lê Cung Bắc
Vật chứng mong manh,Vật chứng mong manh,,"Tâm lý, Xã hội, Hình sự",Việt Nam,tiếng Việt,Nguyễn Duy Võ Ngọc
Đồng quê (phim truyền hình),Đồng quê (phim truyền hình),,"Tâm lý xã hội, Tình cảm",Việt Nam,tiếng Việt,Lê Phương Nam
Mỹ nhân Sài thành,Mỹ nhân Sài thành,,"Chính kịch, Lịch sử",Việt Nam,tiếng Việt,Lê Cung Bắc
Giữa hai bờ thiện ác,Giữa hai bờ thiện ác,,"Tâm lý xã hội, Hình sự, Hành động",Việt Nam,tiếng Việt,Châu Huế
Ngũ quái Sài Gòn,Ngũ quái Sài Gòn,,"Tâm lý, Hài hước, Hành động, Phiêu lưu",Việt Nam,Tiếng Việt,Nguyễn Trọng Nghĩa
Cô nàng bất đắc dĩ,Cô nàng bất đắc dĩ,,,,tiếng Việt,"Davina Hồng Ngân (tập 1-29), Xuân Cường (từ tập 30)"
Mặn hơn muối,Mặn hơn muối,,"Tâm lý xã hội, Tình cảm",Việt Nam,tiếng Việt,Nhâm Minh Hiền
Tiếng sét trong mưa,Tiếng sét trong mưa,,"Tâm lý xã hội, Tình cảm, Kịch tính, Nông thôn",Việt Nam,tiếng Việt,NSƯT Nguyễn Phương Điền
Vua bánh mì (phim truyền hình Việt Nam),Vua bánh mì (phim truyền hình Việt Nam),,"Tâm lý xã hội, Tình cảm, Gia đình",,tiếng Việt,Nguyễn Phương Điền
Nghiệp sinh tử,Nghiệp sinh tử,,"Tình cảm, Cổ trang",Việt Nam,tiếng Việt,Bùi Ngọc Nam Phương
Hành trình công lý,Hành trình công lý,,"Hình sự, Hôn nhân, Pháp luật, Tâm lý xã hội",Việt Nam,tiếng Việt,Nguyễn Mai Hiền
Vong nhi,Vong nhi,,,Việt Nam,Tiếng Việt,Hoàng Tuấn Cường
Giữa hai thế giới,Giữa hai thế giới,,,Việt Nam,Tiếng Việt,Vũ Thái Hòa
Người bí ẩn,Người bí ẩn,,,Việt Nam,Tiếng Việt,
Bước nhảy ngàn cân,Bước nhảy ngàn cân,,Chương trình tìm kiếm tài năng,Việt Nam,Tiếng Việt,
Bao giờ có yêu nhau,Bao giờ có yêu nhau,,,,Tiếng Việt,Dustin Nguyễn
Kính vạn hoa: Bắt đền con ma,Kính vạn hoa: Bắt đền con ma,,,,Tiếng Việt,Võ Thanh Hòa
100 ngày bên em (phim điện ảnh),100 ngày bên em (phim điện ảnh),,,Việt Nam,Tiếng Việt,Vũ Ngọc Phượng
Bếp hát,Bếp hát,,"Ca nhạc, Tình cảm, Hài kịch",Việt Nam,tiếng Việt,"Phan Gia Nhật Linh, Danny Đỗ"
Glee Vietnam,Glee Vietnam,,"Nhạc kịch, Tâm lý",,Tiếng Việt,
Đất khổ,Đất khổ,,,,"tiếng Việt, tiếng Anh",Hà Thúc Cần
Nụ hôn thần chết,Nụ hôn thần chết,,,Việt Nam,Tiếng Việt,Nguyễn Quang Dũng
Lời nguyền huyết ngải,Lời nguyền huyết ngải,,,Việt Nam,Tiếng Việt,Bùi Thạc Chuyên
Lạc giới,Lạc giới,,,Việt Nam,Tiếng Việt,Phi Tiến Sơn
Ma da (phim),Ma da (phim),,,Việt Nam,Tiếng Việt,Nguyễn Hữu Hoàng
Gánh xiếc rong,Gánh xiếc rong,,,Việt Nam,Tiếng Việt,Việt Linh
Như một huyền thoại,Như một huyền thoại,,"Tâm lý, Chiến tranh, Hành động",Việt Nam,Tiếng Việt,Phan Vũ
Mỹ nhân kế (phim),Mỹ nhân kế (phim),,,25px Việt Nam,Tiếng Việt,Nguyễn Quang Dũng
Bán chồng,Bán chồng,,"Tâm lý xã hội, Tình cảm",Việt Nam,tiếng Việt,Lê Hùng Phương
Duyên kiếp,Duyên kiếp,,"Tâm lý xã hội, Tình cảm, Gia đình",Việt Nam,tiếng Việt,"Chu Thiện, Hồng Phú Vinh"
Độc thân tuổi 30,Độc thân tuổi 30,,"Tâm lý xã hội, Hài kịch",Việt Nam,Tiếng Việt,Xuân Cường
Gái già lắm chiêu V,Gái già lắm chiêu V,,,Việt Nam,Tiếng Việt,* Bảo Nhân * Namcito
Sát thủ Online (phim truyền hình),Sát thủ Online (phim truyền hình),,"Tâm lý xã hội, Chính luận, Hình sự",Việt Nam,tiếng Việt,NSƯT Nguyễn Mai Hiền
Bão qua làng,Bão qua làng,,"Chính luận, Nông thôn, Tâm lý xã hội",Việt Nam,tiếng Việt,"NSƯT Trần Quốc Trọng, Lê Mạnh"
Sống chung với mẹ chồng,Sống chung với mẹ chồng,,"Tâm lý xã hội, Gia đình, Tình cảm",Việt Nam,Tiếng Việt,Vũ Trường Khoa
Yêu thì ghét thôi,Yêu thì ghét thôi,,"Hài hước, Tình cảm",Việt Nam,Tiếng Việt,Trịnh Lê Phong
Tình xa,Tình xa,,"Tâm lý xã hội, Lãng mạn",Việt Nam,"tiếng Việt, tiếng Thái","Vũ Trường Khoa, Anuwat Thanomrod"
Đoạt hồn,Đoạt hồn,,,Việt Nam,Tiếng Việt,Trần Hàm
Đập cánh giữa không trung,Đập cánh giữa không trung,,,* Việt Nam * * Na Uy *,Tiếng Việt,Nguyễn Hoàng Điệp
Những đứa con của làng,Những đứa con của làng,,,Việt Nam,Tiếng Việt,Nguyễn Đức Việt
Hoa hồng thép,Hoa hồng thép,,"Tâm lý xã hội, Hình sự, Hành động",Việt Nam,tiếng Việt,Nguyễn Thành Vinh
Cha con ông Mắt Mèo,Cha con ông Mắt Mèo,,,Việt Nam,Tiếng Việt,Lâm Lê Dũng
Cây Huê xà,Cây Huê xà,,Chính kịch,Việt Nam,tiếng Việt,Xuân Cường
Hải Âu,Hải Âu,,,Việt Nam,Tiếng Việt,Lê Bảo Trung
Kiều nữ và đại gia,Kiều nữ và đại gia,,"Tâm lý xã hội, Tình cảm",Việt Nam,tiếng Việt,Nguyễn Duy Võ Ngọc
Vịt kêu đồng,Vịt kêu đồng,,"Tâm lý xã hội, Tình cảm",Việt Nam,tiếng Việt,Lê Phương Nam
Thời gian để yêu (phim truyền hình),Thời gian để yêu (phim truyền hình),,"Tình cảm, Gia đình",Việt Nam,tiếng Việt,Nhâm Minh Hiền
Tiền chùa,Tiền chùa,,,25px Việt Nam,Tiếng Việt,Thiện Đỗ
Thề không gục ngã,Thề không gục ngã,,"Tình cảm, Hình sự, Võ thuật, Hành động",Việt Nam,tiếng Việt,Nguyễn Minh Cao
Thanh Sói - Cúc dại trong đêm,Thanh Sói - Cúc dại trong đêm,,,Việt Nam,Tiếng Việt,Ngô Thanh Vân
Bài hát Việt,Bài hát Việt,,Âm nhạc,Vietnam,Tiếng Việt,
Tôi là... người chiến thắng,Tôi là... người chiến thắng,,Truyền hình thực tế,Vietnam,Tiếng Việt,
Thử thách cùng bước nhảy: So You Think You Can Dance,Thử thách cùng bước nhảy: So You Think You Can Dance,,Chương trình thực tế,Vietnam,Tiếng Việt,
Gương mặt thương hiệu,Gương mặt thương hiệu,,Truyền hình thực tế,Việt Nam,Tiếng Việt,
SV,SV,,,Việt Nam,,Lại Bắc Hải Đăng (đạo diễn mùa 3 và mùa 5)
Giọng ải giọng ai,Giọng ải giọng ai,,"Âm nhạc , Hài hước , Truyền hình thực tế",Việt Nam,Tiếng Việt,Khương Dừa
Hòa âm Ánh sáng,Hòa âm Ánh sáng,,Truyền hình thực tế,Việt Nam,Tiếng Việt,Nguyễn Hữu Thanh
The Face Vietnam,The Face Vietnam,,Truyền hình thực tế,Việt Nam,Tiếng Việt,
Mặt nạ ngôi sao,Mặt nạ ngôi sao,,"Thực tế, Tạp kỹ, Âm nhạc",Việt Nam,Tiếng Việt,
Giọng hát Việt,Giọng hát Việt,,Truyền hình thực tế,Việt Nam,Tiếng Việt,
Chạy đi chờ chi,Chạy đi chờ chi,,Truyền hình thực tế,Việt Nam,Tiếng Việt,
Siêu trí tuệ Việt Nam,Siêu trí tuệ Việt Nam,,Chương trình truyền hình tìm kiếm tài năng về trí tuệ,Việt Nam,Tiếng Việt,"Lê Ngọc Khải (Vương Khang) (mùa 2) , Nguyễn Hữu Thanh Bình, Trần Đức Huân (mùa 1) , Lưu Hậu"
Gia đình Haha,Gia đình Haha,,"Truyền hình thực tế, Văn hóa, Nông nghiệp",Việt Nam,Tiếng Việt,
Ngọn nến Hoàng cung,Ngọn nến Hoàng cung,,"Lịch sử, Tâm lý",Việt Nam,"Tiếng Việt, Tiếng Pháp, Tiếng Quảng Đông",Nguyễn Quốc Hưng
Vòng xoáy tình yêu,Vòng xoáy tình yêu,,"Tâm lý xã hội, Tình cảm, Gia đình",Việt Nam,tiếng Việt,"Vũ Trường Khoa, Trần Quang Đại"
Miền đất phúc,Miền đất phúc,,"Tâm lý xã hội, Tình cảm",Việt Nam,tiếng Việt,Đinh Đức Liêm
Lẩn khuất một tên người,Lẩn khuất một tên người,,"Tâm lý xã hội, Siêu nhiên, Kinh dị",Việt Nam,tiếng Việt,Vũ Thái Hòa
Áo lụa Hà Đông (phim),Áo lụa Hà Đông (phim),,,Việt Nam,Tiếng Việt,Lưu Huỳnh
Trăng nơi đáy giếng,Trăng nơi đáy giếng,,,Việt Nam,Tiếng Việt,Nguyễn Vinh Sơn
"Hot boy nổi loạn và câu chuyện về thằng Cười, cô gái điếm và con vịt","Hot boy nổi loạn và câu chuyện về thằng Cười, cô gái điếm và con vịt",,,Việt Nam,Tiếng Việt,Vũ Ngọc Đãng
Âm mưu giày gót nhọn,Âm mưu giày gót nhọn,,,Việt Nam,"Tiếng Việt, Tiếng Anh",Trần Hàm
Anh chàng vượt thời gian,Anh chàng vượt thời gian,,"Cổ trang, Xuyên không, Khoa học viễn tưởng",Việt Nam,tiếng Việt,"Trương Thị Ngọc Ngân, Hoàng Thiên Trụ"
Tình khúc bạch dương,Tình khúc bạch dương,,"Chính kịch, Lãng mạn",Việt Nam,tiếng Việt,"Vũ Trường Khoa (tổng đạo diễn), Nguyễn Mai Hiền, Nguyễn Đức Hiếu"
Song song (phim),Song song (phim),,,Việt Nam,Tiếng Việt,Nguyễn Hữu Hoàng
Hạ sĩ quan (phim),Hạ sĩ quan (phim),,,Việt Nam,Tiếng Việt,Lê Dũng
Hương phù sa,Hương phù sa,,"Tâm lý xã hội, Tình cảm, Gia đình",Việt Nam,tiếng Việt,Võ Tấn Bình
Gia tài bác sĩ,Gia tài bác sĩ,,"Tâm lý xã hội, Tình cảm",Việt Nam,tiếng Việt,Nguyễn Minh Cao
Sông dài (phim),Sông dài (phim),,"Tâm lý xã hội, Tình cảm, Gia đình",Việt Nam,tiếng Việt,Trương Dũng
Đồng tiền quỷ ám,Đồng tiền quỷ ám,,"Hình sự, Chính luận",Việt Nam,tiếng Việt,Trần Chí Thành
Mùa cúc susi,Mùa cúc susi,,"Tâm lý xã hội, Tội phạm",Việt Nam,tiếng Việt,Phạm Lộc
Vũ điệu tử thần (phim 2007),Vũ điệu tử thần (phim 2007),,,,Tiếng Việt,Bùi Tuấn Dũng
Mười: Lời nguyền trở lại,Mười: Lời nguyền trở lại,,,Việt Nam,Tiếng Việt,Hằng Trịnh
Công ty thời trang,Công ty thời trang,,"Tâm lý xã hội, Tình cảm",Việt Nam,tiếng Việt,Đinh Đức Liêm
Đi về phía mặt trời,Đi về phía mặt trời,,"Hài hước, Gia đình, Tâm lý xã hội, Chính kịch",Việt Nam,Tiếng Việt,Đỗ Thanh Sơn
Nhà có ba chị em,Nhà có ba chị em,,"Gia đình, Lãng mạn",Việt Nam,tiếng Việt,Đỗ Thanh Hải
Giọt đắng,Giọt đắng,,"Tâm lý xã hội, Tình cảm",Việt Nam,tiếng Việt,Đinh Đức Liêm
Khát vọng thượng lưu,Khát vọng thượng lưu,,"Tâm lý xã hội, Tình cảm, Gia đình",Việt Nam,Tiếng Việt,Nguyễn Dương
Mưa bóng mây (phim truyền hình),Mưa bóng mây (phim truyền hình),,"Hôn nhân, Gia đình",Việt Nam,Tiếng Việt,NSƯT Trọng Trinh
Những ngọn nến trong đêm,Những ngọn nến trong đêm,,"Tâm lý xã hội, Tình cảm",Việt Nam,Tiếng Việt,"Đỗ Đức Thành, Mai Hồng Phong (phần 1), Vũ Hồng Sơn (phần 1), Nguyễn Khải Anh (phần 2)"
Cột mốc 23,Cột mốc 23,,,Việt Nam,Tiếng Việt,Nguyễn Quốc Duy
Vali tình yêu,Vali tình yêu,,,Việt Nam,Tiếng Việt,"Lê Quang Thanh Tâm, Hoàng Bùi"
Lật Mặt 6: Tấm vé định mệnh,Lật Mặt 6: Tấm vé định mệnh,,,Việt Nam,Tiếng Việt,Lý Hải
Sắc đẹp và danh vọng,Sắc đẹp và danh vọng,,"Tâm lý xã hội, Tình cảm",Việt Nam,tiếng Việt,Lý Khắc Lynh
Con gái vị thẩm phán,Con gái vị thẩm phán,,"Tâm lý xã hội, Hình sự",Việt Nam,tiếng Việt,Đỗ Phú Hải
Nhà ông Hoàng có ma,Nhà ông Hoàng có ma,,"Tâm lý xã hội, Cổ trang",Việt Nam,tiếng Việt,Hoàng Mập
Dập tắt lửa lòng,Dập tắt lửa lòng,,"Tâm lý xã hội, Tình cảm",Việt Nam,tiếng Việt,Trương Dũng
Dương thế bao la sầu,Dương thế bao la sầu,,"Tâm lý xã hội, Cổ trang",Việt Nam,tiếng Việt,Hoàng Mập
Mật mã chuông gió,Mật mã chuông gió,,"Tâm lý, Hình sự",Việt Nam,tiếng Việt,Trương Dũng
Dòng nhớ,Dòng nhớ,,Tình cảm,Việt Nam,Tiếng Việt,Trương Dũng
Chuyện tình đảo ngọc,Chuyện tình đảo ngọc,,"Tâm lý xã hội, Tình cảm, Gia đình",Việt Nam,tiếng Việt,Lê Bảo Trung
Phía cuối cầu vồng,Phía cuối cầu vồng,,"Lãng mạn, Doanh nghiệp",Việt Nam,tiếng Việt,Mai Hồng Phong
Mặt trời lạnh,Mặt trời lạnh,,"Tâm lý, Tình cảm",Việt Nam,,Lê Hùng Phương
Những cô gái chân dài,Những cô gái chân dài,,,Việt Nam,Tiếng Việt,Vũ Ngọc Đãng
Chị chị em em,Chị chị em em,,,,Tiếng Việt,Kathy Uyên
Đối mặt (phim truyền hình),Đối mặt (phim truyền hình),,"Tâm lý, Xã hội",Việt Nam,tiếng Việt,"Nguyễn Quang, Đăng Khoa"
Cho một tình yêu,Cho một tình yêu,,,Việt Nam,Tiếng Việt,"Nguyễn Tranh, Lê Hóa"
Cuộc chiến nhân tình,Cuộc chiến nhân tình,,"Tâm lý, Tình cảm",Việt Nam,tiếng Việt,Hoàng Mập
Bình Tây Đại Nguyên Soái,Bình Tây Đại Nguyên Soái,,Lịch sử,Việt Nam,tiếng Việt,Phan Hoàng
Lời nguyền lúc 0 giờ,Lời nguyền lúc 0 giờ,,"Tâm lý xã hội, Kinh dị",Việt Nam,tiếng Việt,Quách Khoa Nam
"Taxi, em tên gì?","Taxi, em tên gì?",,,Việt Nam,Tiếng Việt,"Đỗ Đức Thịnh, Đinh Tuấn Vũ"
Tìm chồng cho vợ tôi,Tìm chồng cho vợ tôi,,"Tâm lý, Xã hội, Gia đình",Việt Nam,tiếng Việt,Võ Việt Hùng
Duyên định kim tiền,Duyên định kim tiền,,"Tâm lý xã hội, Tình cảm, Thời xưa",Việt Nam,tiếng Việt,Hồ Ngọc Xum
Bão ngầm,Bão ngầm,,"Trinh thám, Hình sự, Chính luận",Việt Nam,tiếng Việt,Đinh Thái Thụy
Mẹ biển,Mẹ biển,,"Tâm lý, Lãng mạn, Bãi biển",Việt Nam,,Nguyễn Phương Điền
Kiều (phim),Kiều (phim),,,Việt Nam,Tiếng Việt,Mai Thu Huyền
Để mai tính,Để mai tính,,,25px Việt Nam,Tiếng Việt,Charlie Nguyễn
Cha và con và...,Cha và con và...,,,*Việt Nam *Pháp *Đức *Hà Lan,tiếng Việt,Phan Đăng Di
Bước nhảy hoàn vũ,Bước nhảy hoàn vũ,,Truyền hình thực tế,Việt Nam,Tiếng Việt,Thế Anh
Long thành cầm giả ca (phim),Long thành cầm giả ca (phim),,,Việt Nam,Tiếng Việt,Đào Bá Sơn
Chung một dòng sông,Chung một dòng sông,,,22px Việt Nam,tiếng Việt,"Nguyễn Hồng Nghi, Phạm Kỳ Nam"
Lửa trung tuyến,Lửa trung tuyến,,,Việt Nam,Tiếng Việt,"Phạm Văn Khoa, Lê Minh Hiền"
Chị Tư Hậu,Chị Tư Hậu,,,Việt Nam,Tiếng Việt,"NSND Phạm Kỳ Nam, Trần Thiện Liêm"
Vĩ tuyến 17 ngày và đêm,Vĩ tuyến 17 ngày và đêm,,,Việt Nam Dân chủ Cộng hòa,Tiếng Việt,NSND Hải Ninh
Mùa gió chướng,Mùa gió chướng,,,Việt Nam,Tiếng Việt,Nguyễn Hồng Sến
Về nơi gió cát,Về nơi gió cát,,,Việt Nam,Tiếng Việt,Huy Thành
Xóm cũ,Xóm cũ,,"Tâm lý, Tình cảm",Việt Nam,Tiếng Việt,NSƯT Lê Cung Bắc
Nữ tướng cướp,Nữ tướng cướp,,,Việt Nam,Tiếng Việt,Lê Hoàng
Mùa hè lạnh,Mùa hè lạnh,,,Việt Nam,Tiếng Việt,Ngô Quang Hải
Thất sơn tâm linh,Thất sơn tâm linh,,,Việt Nam,Tiếng Việt,"Hàm Trần, Lê Bình Giang, Phan Gia Nhật Linh, Nguyễn Hữu Tuấn"
Tuyết nhiệt đới,Tuyết nhiệt đới,,"Tâm lý, Tình cảm, Lãng mạn",Việt Nam,Tiếng Việt,Vũ Ngọc Đãng
Hoa thiên điểu (phim truyền hình),Hoa thiên điểu (phim truyền hình),,"Tâm lý xã hội, Tình cảm, Gia đình",Việt Nam,tiếng Việt,"Đinh Hà, Nhâm Minh Hiền"
Biệt thự trắng,Biệt thự trắng,,"Kinh dị, Tâm linh",Việt Nam,Tiếng Việt,Bùi Ngọc Nam Phương
Ảo ảnh trắng,Ảo ảnh trắng,,Tâm lý xã hội,Việt Nam,tiếng Việt,Việt Bảo
Đường đời,Đường đời,,"Tâm lý xã hội, Chính kịch",Việt Nam,tiếng Việt,Trần Quốc Trọng Trần Hoài Sơn
Chuyện phố phường,Chuyện phố phường,,"Tâm lý xã hội, Gia đình",Việt Nam,tiếng Việt,"Phạm Thanh Phong, Nguyễn Danh Dũng"
Đời người và những chuyến đi,Đời người và những chuyến đi,,,Việt Nam,Tiếng Việt,Nguyễn Hữu Trọng
Nhật ký Vàng Anh,Nhật ký Vàng Anh,,Hài tình huống teen,Việt Nam,Tiếng Việt,Nguyễn Khải Anh
Gió làng Kình,Gió làng Kình,,Nông thôn,Việt Nam,tiếng Việt,"Nguyễn Hữu Phần, Bùi Thọ Thịnh"
Vệt nắng cuối trời,Vệt nắng cuối trời,,"Tâm lý xã hội, Gia đình",Việt Nam,tiếng Việt,Trần Hoài Sơn
Bí thư Tỉnh ủy (phim truyền hình Việt Nam),Bí thư Tỉnh ủy (phim truyền hình Việt Nam),,Chính luận,Việt Nam,tiếng Việt,"NSƯT Trần Quốc Trọng, Trần Trọng Khôi"
Những công dân tập thể,Những công dân tập thể,,"Tâm lý xã hội, Chính luận",Việt Nam,tiếng Việt,"Vũ Trường Khoa, Trần Quang Vinh"
Tình yêu không hẹn trước,Tình yêu không hẹn trước,,"Tâm lý xã hội, Tình cảm, Gia đình",Việt Nam,tiếng Việt,"NSND Trọng Trinh, Bùi Tiến Huy"
Trái tim có nắng,Trái tim có nắng,,"Tâm lý, Tình cảm, Tuổi trẻ, Hài hước",Việt Nam,tiếng Việt,"Bùi Tiến Huy, Nguyễn Đức Hiếu"
Những nhân viên gương mẫu,Những nhân viên gương mẫu,,"Tâm lý xã hội, Tình cảm, Gia đình, Hài hước",Việt Nam,tiếng Việt,"Vũ Trường Khoa, Lê Mạnh"
Mùa xuân ở lại,Mùa xuân ở lại,,"Lãng mạn, Dân tộc",Việt Nam,tiếng Việt,Nguyễn Danh Dũng
Lửa ấm,Lửa ấm,,"Chính kịch, Nghiệp vụ, Tuyên truyền, Hôn nhân, Gia đình",Việt Nam,tiếng Việt,Đào Duy Phúc
Ngày mai bình yên (phim truyền hình 2021),Ngày mai bình yên (phim truyền hình 2021),,"Gia đình, Tuyên truyền, Xã hội",Việt Nam,Tiếng Việt,"Vũ Trường Khoa, Hoàng Tích Thiện"
Gặp em ngày nắng,Gặp em ngày nắng,,"Lãng mạn, Hài hước, Gia đình",Việt Nam,Tiếng Việt,Nguyễn Đức Hiếu
Hoa sữa về trong gió,Hoa sữa về trong gió,,"Gia đình, Tình cảm",Việt Nam,tiếng Việt,Bùi Tiến Huy
Dịu dàng màu nắng,Dịu dàng màu nắng,,"Tâm lý, Tình cảm, Kinh doanh",Việt Nam,,Bùi Quốc Việt
Mùa ổi,Mùa ổi,,,Việt Nam,Tiếng Việt,Đặng Nhật Minh
Nhà có nhiều cửa sổ,Nhà có nhiều cửa sổ,,"Tâm lý xã hội, Tình cảm, Tuyên truyền",Việt Nam,Tiếng Việt,"Phi Tiến Sơn, Vũ Hồng Sơn"
Cầu vồng tình yêu,Cầu vồng tình yêu,,"Tâm lý, Tình cảm",Việt Nam,tiếng Việt,"NSND Trọng Trinh, NSƯT Vũ Hồng Sơn, Bùi Tiến Huy"
Giọt nước rơi,Giọt nước rơi,,"Tâm lý xã hội, Tình cảm, Hình sự",Việt Nam,tiếng Việt,Bùi Quốc Việt
Chỉ có thể là yêu (phim Việt Nam),Chỉ có thể là yêu (phim Việt Nam),,"Tình cảm, Tâm lý xã hội",Việt Nam,Tiếng Việt,Vũ Minh Trí
Mátxcơva - Mùa thay lá,Mátxcơva - Mùa thay lá,,"Tình cảm, Lãng mạn",Việt Nam,,Trọng Trinh
Người phán xử (phim Việt Nam),Người phán xử (phim Việt Nam),,"Tâm lý, Tội phạm",Việt Nam,Tiếng Việt,"Nguyễn Khải Anh, Nguyễn Mai Hiền, Nguyễn Danh Dũng"
Người phán xử (phim truyền hình Việt Nam),Người phán xử (phim truyền hình Việt Nam),,"Tâm lý, Tội phạm",Việt Nam,Tiếng Việt,"Nguyễn Khải Anh, Nguyễn Mai Hiền, Nguyễn Danh Dũng"
Mê cung (phim Việt Nam),Mê cung (phim Việt Nam),,"Trinh thám, Hình sự",Việt Nam,Tiếng Việt,"Nguyễn Khải Anh, Trần Trọng Khôi"
Hoa hồng trên ngực trái,Hoa hồng trên ngực trái,,,Việt Nam,Tiếng Việt,Vũ Trường Khoa
Hướng dương ngược nắng,Hướng dương ngược nắng,,"Tình cảm, Gia đình, Xã hội",Việt Nam,Tiếng Việt,Vũ Trường Khoa
Ròm,Ròm,,,Việt Nam,Tiếng Việt,Trần Thanh Huy
Hạnh phúc của mẹ,Hạnh phúc của mẹ,,,Việt Nam,Việt Nam,Huỳnh Đông
Xin chào hạnh phúc,Xin chào hạnh phúc,,Phim truyền hình ngắn tập,Việt Nam,Tiếng Việt,Nguyễn Bảo Trâm
Lưới trời (phim 2020),Lưới trời (phim 2020),,"Tâm lý xã hội, Tình cảm, Thời xưa",Việt Nam,tiếng Việt,Nguyễn Phương Điền
Mệnh lệnh hoa hồng,Mệnh lệnh hoa hồng,,"Hài hước, Hành động",Việt Nam,tiếng Việt,Võ Thanh Hòa
Khúc tương tư,Khúc tương tư,,"Tâm lý xã hội, Tình cảm, Thời xưa",Việt Nam,tiếng Việt,Xuân Phước
Vũ điệu đón xuân,Vũ điệu đón xuân,,"Tình cảm, Gia đình, Hài kịch",Việt Nam,tiếng Việt,Xuân Phước
You and I (phim Hàn Quốc),You and I (phim Hàn Quốc),,"Hài hước Lãng mạn, K-Drama",Hàn Quốc,"Tiếng Hàn, Tiếng Việt",
Lời sám hối,Lời sám hối,,"Chính kịch, Gia đình",Việt Nam,tiếng Việt,Bùi Ngọc Nam Phương
Sóng tình,Sóng tình,,"Tình cảm, tâm lý xã hội","Việt Nam Cộng hòa, Đài Loan",Tiếng Việt,"Đinh Xuân Hòa, Yu Yong Shin, Trần Phong"
Con gái bố già,Con gái bố già,,"Tâm lý xã hội, Tình cảm, Hành động",Việt Nam,tiếng Việt,Nguyễn Phương Điền
Gió qua miền tối sáng,Gió qua miền tối sáng,,"Tâm lý xã hội, Thời sự",Việt Nam,tiếng Việt,NSND Phạm Thanh Phong
Đồng tiền xương máu,Đồng tiền xương máu,,"Tình cảm, Tâm lý, Xã hội",Việt Nam,Tiếng Việt,Đinh Đức Liêm
Hải Nguyệt,Hải Nguyệt,,,Việt Nam,Tiếng Việt,NSƯT Trần Mỹ Hà
Giấc mơ biển,Giấc mơ biển,,"Tâm lý xã hội, Tình cảm, Học đường",Việt Nam,tiếng Việt,Trương Dũng
Lưới trời (phim 2003),Lưới trời (phim 2003),,,,Tiếng Việt,Phi Tiến Sơn
Đam mê (phim),Đam mê (phim),,,Việt Nam,Tiếng Việt,Phi Tiến Sơn
Mê cung (phim truyền hình),Mê cung (phim truyền hình),,"Trinh thám, Hình sự",Việt Nam,Tiếng Việt,"Nguyễn Khải Anh, Trần Trọng Khôi"
"Không ngại cưới, chỉ cần một lý do","Không ngại cưới, chỉ cần một lý do",,"Hài hước, Gia đình, Tâm lý xã hội",Việt Nam,Tiếng Việt,Bùi Quốc Việt
Vẫn có em bên đời,Vẫn có em bên đời,,"Tâm lý xã hội, Tình cảm",Việt Nam,tiếng Việt,"Nguyễn Thanh Vui, Nguyễn Quang Minh"
Sắc đẹp ngàn cân (phim 2017),Sắc đẹp ngàn cân (phim 2017),,,25px Việt Nam,Tiếng Việt,James Ngô
Làm rể Mười Xuân,Làm rể Mười Xuân,,"Tâm lý xã hội, Tình cảm, Hài hước",Việt Nam,tiếng Việt,Võ Đình Nhật Tân
Chạm vào quá khứ,Chạm vào quá khứ,,"Tâm lý xã hội, Tình cảm",Việt Nam,tiếng Việt,"Trần Văn Thành, Quách Hiền Minh"
Anh có phải đàn ông không,Anh có phải đàn ông không,,"Gia đình, Hài hước, Tình cảm, Lãng mạn",Việt Nam,Tiếng Việt,Trịnh Lê Phong
Đừng làm mẹ cáu,Đừng làm mẹ cáu,,"Gia đình, Hôn nhân, Tâm lý xã hội, Tình cảm",Việt Nam,Tiếng Việt,Vũ Minh Trí
Sky Tour (phim 2020),Sky Tour (phim 2020),,,Việt Nam,Tiếng Việt,
Cuộc phiêu lưu của Hai Lúa,Cuộc phiêu lưu của Hai Lúa,,"Phiêu lưu, Hài hước",Việt Nam,tiếng Việt,"NSƯT Hồ Ngọc Xum, Nhất Tuấn"
Sui gia hay xui gia,Sui gia hay xui gia,,"Tâm lý xã hội, Tình cảm, Hài hước, Gia đình",Việt Nam,tiếng Việt,Nhật Trung
Bồ công anh trước gió,Bồ công anh trước gió,,"Tâm lý xã hội, Tình cảm",Việt Nam,tiếng Việt,Quách Khoa Nam
Tình yêu dối lừa,Tình yêu dối lừa,,"Tâm lý xã hội, Tình cảm, Gia đình",Việt Nam,tiếng Việt,Trần Ngọc Phong
Dollars trắng,Dollars trắng,,"Tâm lý xã hội, Hình sự",Việt Nam,Tiếng Việt,Trần Cảnh Đôn
Thái sư Trần Thủ Độ (phim truyền hình),Thái sư Trần Thủ Độ (phim truyền hình),,Lịch sử,,Tiếng Việt,Đào Duy Phúc
Trần trung kỳ án,Trần trung kỳ án,,"Tình cảm, Cổ trang",Việt Nam,tiếng Việt,Bùi Ngọc Nam Phương
Sinh mệnh (phim),Sinh mệnh (phim),,,Việt Nam,Tiếng Việt,Đào Duy Phúc
Lật mặt,Lật mặt,,,Việt Nam,Tiếng Việt,Lý Hải
Lật mặt 2: Phim trường,Lật mặt 2: Phim trường,,,Việt Nam,Tiếng Việt,Lý Hải
Lật mặt: 48h,Lật mặt: 48h,,,Việt Nam,Tiếng Việt,Lý Hải
Lật mặt 6: Tấm vé định mệnh,Lật mặt 6: Tấm vé định mệnh,,,Việt Nam,Tiếng Việt,Lý Hải
Công nghệ thời trang,Công nghệ thời trang,,"Tâm lý xã hội, Kinh tế, Chính luận",Việt Nam,tiếng Việt,Đỗ Phú Hải
Tiệm ăn của quỷ,Tiệm ăn của quỷ,,"Kinh dị, Chính kịch , Trinh thám",Việt Nam,Tiếng Việt,Trần Hàm
Kính vạn hoa (phim),Kính vạn hoa (phim),,,Việt Nam,Tiếng Việt,"Nguyễn Minh Chung, Đỗ Phú Hải"
Nữ sinh (phim truyền hình),Nữ sinh (phim truyền hình),,"Tâm lý xã hội, Học đường",Việt Nam,tiếng Việt,Xuân Phước
Cải ơi,Cải ơi,,,Việt Nam,Tiếng Việt,Nguyễn Phương Điền
Giao thừa (phim),Giao thừa (phim),,Tâm lý,Việt Nam,tiếng Việt,Hồ Thanh Tuấn
Đường đua (phim năm 2009),Đường đua (phim năm 2009),,,,Tiếng Việt,Nguyễn Trọng Hải
Thuyền giấy,Thuyền giấy,,"Tâm lý xã hội, Tình cảm",Việt Nam,tiếng Việt,Nhâm Minh Hiền
Nếu còn có ngày mai (phim truyền hình Việt Nam),Nếu còn có ngày mai (phim truyền hình Việt Nam),,"Tâm lý xã hội, Tình cảm, Gia đình",Việt Nam,tiếng Việt,Hoàng Tuấn Cường
Ngày mai bình yên,Ngày mai bình yên,,"Gia đình, Tuyên truyền, Xã hội",Việt Nam,Tiếng Việt,"Vũ Trường Khoa, Hoàng Tích Thiện"
Tiệm ăn dì ghẻ,Tiệm ăn dì ghẻ,,"Tình cảm, Gia đình",Việt Nam,tiếng Việt,"Nguyễn Đức Hiếu, Nguyễn Thu"
Nghề siêu dễ (phim 2022),Nghề siêu dễ (phim 2022),,,Việt Nam,Tiếng Việt,* Võ Thanh Hòa
Truyện cổ tích cho tuổi mười bảy,Truyện cổ tích cho tuổi mười bảy,,"Tâm lý, lãng mạn",Việt Nam,Tiếng Việt,"Xuân Sơn, Phạm Xuân Lộc"
Canh bạc,Canh bạc,,,,Tiếng Việt,Lưu Trọng Ninh
Mẹ chồng tôi,Mẹ chồng tôi,,"Tâm lý xã hội, Tình cảm",Việt Nam,tiếng Việt,Khải Hưng
Người Hà Nội (phim),Người Hà Nội (phim),,"Tâm lý xã hội, Tình cảm",Việt Nam,Tiếng Việt,"Hoàng Tích Chỉ, Đoàn Lê"
Con nhện xanh,Con nhện xanh,,Tâm lý xã hội,Việt Nam,tiếng Việt,Đỗ Đức Thành
Hà Nội 12 ngày đêm,Hà Nội 12 ngày đêm,,"Tâm lý, Chiến tranh",,Tiếng Việt,Bùi Đình Hạc
Hàng xóm (phim),Hàng xóm (phim),,,,Tiếng Việt,Phạm Lộc
Lời thú nhận của Eva,Lời thú nhận của Eva,,"Lãng mạn, Hài kịch",Việt Nam,Tiếng Việt,Nguyễn Mạnh Hà
100 ngày bên em,100 ngày bên em,,,Việt Nam,Tiếng Việt,Vũ Ngọc Phượng
Yêu hơn cả bầu trời,Yêu hơn cả bầu trời,,"Chính kịch, Lãng mạn, Hài hước",Việt Nam,tiếng Việt,Nguyễn Khải Anh
Đèn âm hồn,Đèn âm hồn,,,Việt Nam,Tiếng Việt,Hoàng Nam
Dấu ấn của quỷ,Dấu ấn của quỷ,,,Việt Nam,Tiếng Việt,Việt Linh
Chuyện tình trong ngõ hẹp,Chuyện tình trong ngõ hẹp,,,,Tiếng Việt,Nguyễn Thanh Vân
The Building (phim),The Building (phim),,,Việt Nam,Tiếng Việt,Việt Linh
Ba mùa,Ba mùa,,,,"tiếng Việt, tiếng Anh",Tony Bui
Rồng xanh,Rồng xanh,,,,Tiếng Anh và Tiếng Việt (có phụ đề),Timothy Linh Bui
Chúng tôi từng là lính,Chúng tôi từng là lính,,,Mỹ,"Tiếng Anh, Tiếng Việt",Randall Wallace
"Mê Thảo, thời vang bóng","Mê Thảo, thời vang bóng",,,,Tiếng Việt,Việt Linh
Hai người vợ,Hai người vợ,,"Tâm lý xã hội, Gia đình",Việt Nam,tiếng Việt,Võ Việt Hùng
Lời nguyền (phim truyền hình),Lời nguyền (phim truyền hình),,"Chính kịch, Tâm lý xã hội",Việt Nam,tiếng Việt,Nguyễn Xuân Hiệp
Cỏ biếc,Cỏ biếc,,"Tâm lý xã hội, Tình cảm",Việt Nam,tiếng Việt,Nguyễn Quốc Hưng
Đất mặn (phim truyền hình),Đất mặn (phim truyền hình),,"Nông thôn, Chính luận",Việt Nam,tiếng Việt,Nguyễn Tường Phương
Tần nương thất,Tần nương thất,,Tâm lý xã hội,Việt Nam,Tiếng Việt,Chu Thiện
Vợ quan,Vợ quan,,"Tâm lý xã hội, Tình cảm",Việt Nam,tiếng Việt,Nhâm Minh Hiền
Tâm hồn mẹ,Tâm hồn mẹ,,,Việt Nam,Tiếng Việt,Phạm Nhuệ Giang
Những người viết huyền thoại (phim),Những người viết huyền thoại (phim),,,Việt Nam,Tiếng Việt,Bùi Tuấn Dũng
Người trở về,Người trở về,,,Việt Nam,Tiếng Việt,Đặng Thái Huyền
Thạch Thảo (phim),Thạch Thảo (phim),,,,Tiếng Việt,Mai Thế Hiệp
Mùa hè chiều thẳng đứng,Mùa hè chiều thẳng đứng,,,*Việt Nam *Pháp *Đức,Tiếng Việt,Trần Anh Hùng
Vũ khúc con cò,Vũ khúc con cò,,,"Việt Nam, Singapore","Tiếng Việt, Tiếng Anh","Jonathan Foo, Nguyễn Phan Quang Bình"
Chuyện của Pao,Chuyện của Pao,,,Việt Nam,Tiếng Việt,Ngô Quang Hải
Chơi vơi,Chơi vơi,,,Việt Nam,Tiếng Việt,Bùi Thạc Chuyên
Giọt máu vô hình,Giọt máu vô hình,,"Tâm lý xã hội, Tình cảm, Gia đình",Việt Nam,tiếng Việt,Nhâm Minh Hiền
Tình yêu còn lại,Tình yêu còn lại,,"Tâm lý xã hội, Tình cảm",Việt Nam,tiếng Việt,Trần Quang Đại
Đôi mắt của trái tim,Đôi mắt của trái tim,,"Tâm lý xã hội, Tình cảm",Việt Nam,tiếng Việt,Đỗ Phú Hải
Những chiếc lá thời gian,Những chiếc lá thời gian,,,,Tiếng Việt,"Lê Cung Bắc, Bùi Quang Đạt"
Ba lẻ một,Ba lẻ một,,,Việt Nam,Tiếng Việt,Khải Hưng
Huyền sử thiên đô,Huyền sử thiên đô,,"Lịch sử, Cổ trang",,tiếng Việt,"NSƯT Tất Bình, NSND Phạm Thanh Phong"
Gái nhảy (phim),Gái nhảy (phim),,,Việt Nam,Tiếng Việt,Lê Hoàng
Cơn giông (phim năm 2021),Cơn giông (phim năm 2021),,,Việt Nam,Tiếng Việt,Trần Ngọc Phong
Sống mãi với thủ đô (phim),Sống mãi với thủ đô (phim),,"Chiến tranh cách mạng, lãng mạn",Việt Nam,"Tiếng Việt, Tiếng Pháp, Tiếng Anh","Lê Đức Tiến, Nguyễn Thế Vĩnh"
Hà Nội mùa Đông năm 46,Hà Nội mùa Đông năm 46,,"Dã sử, chiến tranh",Việt Nam,"Tiếng Việt, Tiếng Pháp","Đặng Nhật Minh, Phạm Nhuệ Giang, Nguyễn Hữu Mười, Thái Ninh"
Đẹp từng centimet,Đẹp từng centimet,,,Việt Nam,Tiếng Việt,Vũ Ngọc Đãng
Trò đời,Trò đời,,Tâm lý xã hội,Việt Nam,tiếng Việt,NSƯT Phạm Nhuệ Giang
Người chồng điên,Người chồng điên,,"Tâm lý xã hội, Tình cảm, Gia đình",Việt Nam,tiếng Việt,Quách Khoa Nam
Vào Nam ra Bắc,Vào Nam ra Bắc,,,Việt Nam,Tiếng Việt,Phi Tiến Sơn
Siêu trộm Bitcoin,Siêu trộm Bitcoin,,,Việt Nam,Tiếng Việt,Trần Hàm
Rừng thế mạng,Rừng thế mạng,,,Việt Nam,Tiếng Việt,Trần Hữu Tấn
Hot boy nổi loạn,Hot boy nổi loạn,,,Việt Nam,Tiếng Việt,Vũ Ngọc Đãng
Chuyện ngày xưa,Chuyện ngày xưa,,,Việt Nam,Tiếng Việt,Nguyễn Hùng Lâm
Cho em một ngày vui,Cho em một ngày vui,,,Việt Nam,Tiếng Việt,Bùi Huy Thuần
Giải phóng Sài Gòn (phim),Giải phóng Sài Gòn (phim),,,Việt Nam,Tiếng Việt,Long Vân
Hà Nội mùa đông năm 46,Hà Nội mùa đông năm 46,,"Dã sử, chiến tranh",Việt Nam,"Tiếng Việt, Tiếng Pháp","Đặng Nhật Minh, Phạm Nhuệ Giang, Nguyễn Hữu Mười, Thái Ninh"
Đường thư (phim),Đường thư (phim),,Chiến tranh,Việt Nam,Tiếng Việt,Bùi Tuấn Dũng
Vũ điệu đam mê,Vũ điệu đam mê,,,Việt Nam,Tiếng Việt,Nguyễn Đức Việt
Cu li không bao giờ khóc,Cu li không bao giờ khóc,,,"Việt Nam, , Na Uy",Tiếng Việt,Phạm Ngọc Lân
Cỏ lau,Cỏ lau,,,Việt Nam,Tiếng Việt,Vương Đức
Những người sống bên tôi,Những người sống bên tôi,,Tâm lý xã hội,Việt Nam,"Tiếng Việt, Tiếng Nga, Tiếng Pháp, Tiếng Anh",Đặng Tất Bình
Những người thợ xẻ (phim),Những người thợ xẻ (phim),,,Việt Nam,tiếng Việt,Vương Đức
Người thổi tù và hàng tổng,Người thổi tù và hàng tổng,,"Tâm lý xã hội, Hài hước",Việt Nam,tiếng Việt,Phi Tiến Sơn
Cảnh sát hình sự (loạt phim),Cảnh sát hình sự (loạt phim),,"Trinh thám, Hành động",Việt Nam,tiếng Việt,
Kẻ không cầu may,Kẻ không cầu may,,* Tâm lý xã hội * Tình cảm,Việt Nam,tiếng Việt,NSND Bạch Diệp
Không còn gì để nói,Không còn gì để nói,,"Chính kịch, Tâm lý xã hội",Việt Nam,tiếng Việt,Khải Hưng
Vua bãi rác,Vua bãi rác,,"Tình cảm, Chính Kịch",Việt Nam,tiếng Việt,Đỗ Minh Tuấn
Người thừa của dòng họ,Người thừa của dòng họ,,,,Tiếng Việt,"Nguyễn Hữu Trọng, Trịnh Lê Phong"
Thời xa vắng (phim),Thời xa vắng (phim),,,Việt Nam,Tiếng Việt,Hồ Quang Minh
Con đường sáng (phim dài tập),Con đường sáng (phim dài tập),,Phim tiểu sử,,Tiếng Việt,"Phạm Việt Thanh, Nguyễn Đức Việt"
Ngõ lỗ thủng,Ngõ lỗ thủng,,"Tâm lý xã hội, Chính luận, Lịch sử",Việt Nam,tiếng Việt,Trần Quốc Trọng
Bước nhảy xì tin,Bước nhảy xì tin,,"Chính kịch thiếu niên, Ca nhạc",Việt Nam,,Vũ Trường Khoa
Làng ma - 10 năm sau,Làng ma - 10 năm sau,,"Chính kịch, Nông thôn",Việt Nam,tiếng Việt,NSND Nguyễn Hữu Phần
Cha cõng con,Cha cõng con,,,Việt Nam,Tiếng Việt,Lương Đình Dũng
