person_name,film_title,character,role
Trấn Thành,Công chúa teen và ngũ hổ tướng,MC Trấn Thành,actor
Trấn Thành,Gia sư nữ quái,Lê Thắng Trí,actor
Trấn Thành,Cua lại vợ bầu,Trọng Thoại,actor
Trấn Thành,Đất rừng phương Nam (phim),thầy giáo Bảy,actor
Ninh Dương Lan Ngọc,Cua lại vợ bầu,Nhã Linh,actor
Ninh Dương Lan Ngọc,Long Ruồi,Xuân,actor
Ninh Dương Lan Ngọc,Tèo em,Minh Minh,actor
Ninh Dương Lan Ngọc,Trúng số (phim 2015),Thơm,actor
Ninh Dương Lan Ngọc,Tấm Cám: Chuyện chưa kể,Cám,actor
Ninh Dương Lan Ngọc,Cô Ba Sài Gòn,Như Ý,actor
Ninh Dương Lan Ngọc,Gái già lắm chiêu 3,Quyên,actor
Ngô Thanh Vân,Cô Ba Sài Gòn,bà Thanh Mai,actor
Ngô Thanh Vân,Dòng máu anh hùng,Sỹ,actor
Ngô Thanh Vân,Bẫy rồng,Trinh / Phượng hoàng,actor
Ngô Thanh Vân,Ngôi nhà trong hẻm,Thảo,actor
Ngô Thanh Vân,Lửa Phật,Ánh,actor
Ngô Thanh Vân,Về quê ăn Tết,Đậu Xanh,actor
Ngô Thanh Vân,Hai Phượng,Hai Phượng,actor
Kiều Minh Tuấn,Em chưa 18,Hoàng,actor
Kiều Minh Tuấn,Tiệc trăng máu,Nhật Linh,actor
Kiều Minh Tuấn,Năm sau con lại về,nhân viên bảo vệ,actor
Kiều Minh Tuấn,Nghề siêu dễ (phim 2022),Phú Tạp Hóa,actor
Charlie Nguyễn,Để Mai tính,Antoine,actor
Charlie Nguyễn,Để mai tính,Antoine,actor
Vũ Ngọc Đãng,Nụ hôn thần chết (phim),Ăn cướp,actor
Vũ Ngọc Đãng,Nụ hôn thần chết,Ăn cướp,actor
Kaity Nguyễn,Gái già lắm chiêu V: Những cuộc đời vương giả,Lý Linh,actor
Kaity Nguyễn,Em chưa 18,Linh Đan,actor
Kaity Nguyễn,Hồn papa da con gái,Châu,actor
Kaity Nguyễn,Tiệc trăng máu,Kathy,actor
Kaity Nguyễn,Tử chiến trên không,Hòa,actor
Kaity Nguyễn,Gái già lắm chiêu V,Lý Linh,actor
Jun Vũ,Gái già lắm chiêu 3,Khánh My,actor
Jun Vũ,Gái già lắm chiêu V: Những cuộc đời vương giả,Lý Lệ Hà lúc trẻ,actor
Jun Vũ,12 chòm sao: Vẽ đường cho yêu chạy,My,actor
Jun Vũ,Tháng năm rực rỡ,Tuyết Anh,actor
Jun Vũ,Gái già lắm chiêu V,Lý Lệ Hà lúc trẻ,actor
Mạnh Trường,Đường lên Điện Biên,Ông bố bản Pía,actor
Bảo Thy,Công chúa teen và ngũ hổ tướng,ca sĩ Britney Bích,actor
Bảo Thy,Gia sư nữ quái,Huỳnh Mai,actor
Yến Trang,Công chúa teen và ngũ hổ tướng,ca sĩ Janet Thu,actor
Hoài Linh,Công chúa teen và ngũ hổ tướng,Kim,actor
Hoài Linh,Gia sư nữ quái,Tàu Hũ,actor
Hoài Linh,Võ lâm truyền kỳ (phim),Đông / Đông Tà,actor
Hoài Linh,Nụ hôn thần chết (phim),Vua Thần Chết,actor
Hoài Linh,Bóng ma học đường,Nam Linh,actor
Hoài Linh,Hoán đổi thân xác,BangBang - nhà khoa học gian xảo,actor
Hoài Linh,Hello cô Ba,Tư Lặn / Cô Ba,actor
Hoài Linh,Nhà có 5 nàng tiên,ông Tiên Cảnh,actor
Hoài Linh,Năm sau con lại về,Sáu xe ôm,actor
Hoài Linh,Tía tui là cao thủ,ông Tư Nho,actor
Hoài Linh,Nụ hôn thần chết,Vua Thần Chết,actor
Tấn Beo,Công chúa teen và ngũ hổ tướng,Mộc,actor
Tấn Beo,Cưới ngay kẻo lỡ,cậu ba,actor
Tấn Beo,Võ lâm truyền kỳ (phim),Tây / Tây Độc,actor
Tấn Beo,Hello cô Ba,Châu Lợi Nhuận,actor
Tấn Beo,Nhà có 5 nàng tiên,Hùng,actor
Tấn Beo,Tía tui là cao thủ,ông Bá,actor
Tấn Beo,Khi đàn ông có bầu,Tấn,actor
Tấn Beo,Bay vào cõi mộng,"Tiến ""sộp""",actor
Chí Tài,Công chúa teen và ngũ hổ tướng,Thủy (†),actor
Chí Tài,Gia sư nữ quái,Huỳnh Tài (†),actor
Chí Tài,Trúng số (phim 2015),ông Tư Phi,actor
Chí Tài,Hồn papa da con gái,Ông ngoại,actor
Chí Tài,Hoán đổi thân xác,Bystand - nhà khoa học đã luống tuổi luôn tự hào về những cống hiến cả đời của mình,actor
Chí Tài,Nhà có 5 nàng tiên,ông Kiệt (†),actor
Chí Tài,Năm sau con lại về,ông Sang,actor
Chí Tài,Thần tượng (phim),ông Luân,actor
Mạnh Tràng,Công chúa teen và ngũ hổ tướng,Hỏa (†),actor
Mạnh Tràng,Hello cô Ba,Mặt Rô (†),actor
Hiếu Hiền,Công chúa teen và ngũ hổ tướng,Thổ,actor
Hiếu Hiền,Long Ruồi,Bolo,actor
Hiếu Hiền,Tấm Cám: Chuyện chưa kể,Sứ giả,actor
Hiếu Hiền,Bẫy rồng,Phong / Ngưu,actor
Hiếu Hiền,Lửa Phật,Huy,actor
Hiếu Hiền,Nụ hôn thần chết (phim),Ăn cướp,actor
Hiếu Hiền,Hello cô Ba,Năm Mít,actor
Hiếu Hiền,Bay vào cõi mộng,"Bình ""vù""",actor
Hiếu Hiền,Nụ hôn thần chết,Ăn cướp,actor
Hiếu Hiền,Tiền chùa,Chủ cửa hàng hoa,actor
Hiếu Hiền,"Hot boy nổi loạn và câu chuyện về thằng Cười, cô gái điếm và con vịt",Cười,actor
Hiếu Hiền,Những cô gái chân dài,quần chúng,actor
Hiếu Hiền,Hot boy nổi loạn,Cười,actor
Khổng Tú Quỳnh,Công chúa teen và ngũ hổ tướng,Dâu Teen,actor
Khổng Tú Quỳnh,Tháng năm rực rỡ,Bảo Châu lúc trưởng thành,actor
Hoàng Sơn (diễn viên),Công chúa teen và ngũ hổ tướng,Đại nổ,actor
Hoàng Sơn (diễn viên),Nhà có 5 nàng tiên,ông So,actor
Hoàng Sơn (diễn viên),Khi đàn ông có bầu,Bác sĩ phá thai,actor
Chí Thiện (ca sĩ),Công chúa teen và ngũ hổ tướng,Tâm,actor
Chí Thiện (ca sĩ),Đẹp từng centimet,ca sĩ Chí Thiện,actor
Ưng Hoàng Phúc,Công chúa teen và ngũ hổ tướng,Lãng Tử Phiêu Bồng,actor
Đông Nhi,Công chúa teen và ngũ hổ tướng,Nhi,actor
Đông Nhi,Cô Ba Sài Gòn,Truyền nhân đời thứ 20 nhà may Thanh Nữ,actor
Đông Nhi,Giải cứu thần chết,Hà My,actor
Noo Phước Thịnh,Công chúa teen và ngũ hổ tướng,Bạn trai mới của Nhi,actor
Ngô Kiến Huy,Công chúa teen và ngũ hổ tướng,Vũ công,actor
Ngô Kiến Huy,Tía tui là cao thủ,Vũ,actor
Ngô Kiến Huy,Thần tượng (phim),Nguyễn,actor
Ngô Kiến Huy,Chàng trai năm ấy,Ngô Kiến Hà,actor
Ngô Kiến Huy,Em là bà nội của anh,Tùng,actor
Ngô Kiến Huy,Chị trợ lý của anh,chàng trai ẻo lả,actor
Ngô Kiến Huy,Em là của em,Hoàng và Jessica Hoàng Anh,actor
Phước Sang,Công chúa teen và ngũ hổ tướng,Giám đốc công ty vệ sĩ Phong Ba,actor
Phước Sang,Hello cô Ba,Tùng đồ cổ,actor
Phước Sang,Khi đàn ông có bầu,A Coóng,actor
Việt Anh (nghệ sĩ),Công chúa teen và ngũ hổ tướng,Cha của Britney Bích,actor
Việt Anh (nghệ sĩ),Bố già (phim 2021),Sư thầy,actor
Việt Anh (nghệ sĩ),Nhà bà Nữ,ông Liêm,actor
Việt Anh (nghệ sĩ),Mai (phim),chú Út,actor
Việt Anh (nghệ sĩ),Bộ tứ báo thủ,sếp Quốc Anh,actor
Việt Anh (nghệ sĩ),Về quê ăn Tết,Ông Đậu (cha của Đậu Xanh và Đậu Đỏ),actor
Việt Anh (nghệ sĩ),Cô thủ môn tội nghiệp,Bảy Chọt,actor
Việt Anh (nghệ sĩ),Cô dâu đại chiến,Ông Sang,actor
Việt Anh (nghệ sĩ),Võ lâm truyền kỳ (phim),Bác sĩ trưởng khoa,actor
Việt Anh (nghệ sĩ),Hello cô Ba,Ông Năm,actor
Việt Anh (nghệ sĩ),Năm sau con lại về,ông Lương,actor
Việt Anh (nghệ sĩ),Khi đàn ông có bầu,Ông Việt,actor
Việt Anh (nghệ sĩ),Lật mặt (phim),ông Phương,actor
Việt Anh (nghệ sĩ),Như một huyền thoại,Henry,actor
Việt Anh (nghệ sĩ),Áo lụa Hà Đông (phim),Ông Tám,actor
Việt Anh (nghệ sĩ),Sắc đẹp ngàn cân (phim 2017),Ba của Hà My,actor
Việt Anh (nghệ sĩ),Lật mặt,ông Phương,actor
Tuyết Thu,Công chúa teen và ngũ hổ tướng,Mẹ của Britney Bích,actor
Bảo Quốc,Công chúa teen và ngũ hổ tướng,Ông Bảy,actor
Bảo Quốc,Võ lâm truyền kỳ (phim),Thầy giáo,actor
Bảo Quốc,Khi đàn ông có bầu,Ông Hoài,actor
Bảo Quốc,Hai Cũ,Hương hào Ngọ,actor
hủ tiếu,Công chúa teen và ngũ hổ tướng,Người đi đường,actor
Phi Phụng,Công chúa teen và ngũ hổ tướng,Cô gái váy đỏ,actor
Phi Phụng,Về quê ăn Tết,Mai,actor
Phi Phụng,Trạng Tí phiêu lưu ký,Đại Lực Sĩ,actor
Phi Phụng,Để Mai tính 2,bà thầy bói Sáu Miếu,actor
Phi Phụng,Hoán đổi thân xác,cô giáo thanh nhạc,actor
Phi Phụng,Hello cô Ba,Bà bán ốc,actor
Phi Phụng,Nhà có 5 nàng tiên,bà bán ve chai,actor
Phi Phụng,Em là bà nội của anh,chủ tiệm bò tót,actor
Phi Phụng,Lật mặt (phim),bà Phương,actor
Phi Phụng,"Sài Gòn, anh yêu em",Mỹ Tuyền,actor
Phi Phụng,Cô hầu gái,Ngô,actor
Phi Phụng,Tiệm bánh Hoàng tử bé,Tăng,actor
Phi Phụng,Tiệm bánh Hoàng tử bé 2,bà Mị,actor
Phi Phụng,Lật Mặt 6: Tấm vé định mệnh,Bà chủ tiệm vé số,actor
Phi Phụng,"Taxi, em tên gì?",bà chủ lữ quán,actor
Phi Phụng,Lật mặt,bà Phương,actor
Phi Phụng,Lật mặt 6: Tấm vé định mệnh,Bà chủ tiệm vé số,actor
Phương Trinh Jolie,Công chúa teen và ngũ hổ tướng,Người bán báo,actor
Phương Trinh Jolie,Tèo em,Thư ký của Tí,actor
Phương Trinh Jolie,Để Mai tính 2,Thảo,actor
Phương Trinh Jolie,Hello cô Ba,Phấn,actor
Phương Trinh Jolie,Sắc đẹp ngàn cân (phim 2017),Jolie,actor
Tấn Bo,Công chúa teen và ngũ hổ tướng,Bà cụ (†),actor
Tấn Bo,Khi đàn ông có bầu,Anh chàng xích lô,actor
Tấn Bo,Bay vào cõi mộng,"Phương ""lừ đừ""",actor
Kim Ngọc (nghệ sĩ),Công chúa teen và ngũ hổ tướng,Khán giả,actor
Kim Ngọc (nghệ sĩ),Khi đàn ông có bầu,Bà già đánh,actor
Isaac (ca sĩ),Gia sư nữ quái,Lưu Hùng Minh,actor
Isaac (ca sĩ),Tấm Cám: Chuyện chưa kể,Thái tử Hiếu Long,actor
Isaac (ca sĩ),Song lang (phim),Linh Phụng,actor
Dương Cẩm Lynh,Gia sư nữ quái,Thanh Thủy,actor
Anh Tú (sinh 1993),Cua lại vợ bầu,Quý Khánh,actor
Anh Tú (sinh 1993),Siêu lừa gặp siêu lầy,Tú,actor
Anh Tú (sinh 1993),Gặp lại chị bầu,Gia Phúc,actor
Mạc Văn Khoa,Cua lại vợ bầu,Tuấn,actor
Mạc Văn Khoa,Siêu lừa gặp siêu lầy,Khoa,actor
Mạc Văn Khoa,"Taxi, em tên gì?",ăn cướp,actor
Mạc Văn Khoa,Lật mặt: 48h,Lâm,actor
Khả Như,Cua lại vợ bầu,Như,actor
Khả Như,Nhà bà Nữ,Ngọc Như,actor
Khả Như,Mai (phim),Trinh,actor
Khả Như,Tía tui là cao thủ,Trúc,actor
Khả Như,Em là của em,Thanh,actor
Khả Như,Chuyện ma gần nhà,Lan Hương,actor
Hữu Châu,Cua lại vợ bầu,ông Hữu - ba Nhã Linh,actor
Hữu Châu,Tèo em,Bố của Minh Minh,actor
Hữu Châu,Tấm Cám: Chuyện chưa kể,Thừa tướng,actor
Hữu Châu,Về quê ăn Tết,Nam,actor
Hữu Châu,Giải cứu thần chết,Thầy thể dục,actor
Hữu Châu,Chị trợ lý của anh,ông nội của Phúc Nam,actor
Hữu Châu,Giấc mơ của mẹ,Ông Quốc,actor
Hữu Châu,Cái giá của hạnh phúc,Võ Thành Hưng,actor
Hữu Châu,Sắc đẹp ngàn cân (phim 2017),Thầy bói,actor
Hữu Châu,Nghề siêu dễ (phim 2022),Ông Bảy,actor
Lê Giang (nghệ sĩ),Cua lại vợ bầu,bà Lê - mẹ Nhã Linh,actor
Lê Giang (nghệ sĩ),Bố già (phim 2021),bà Cẩm Lệ,actor
Lê Giang (nghệ sĩ),Em là của em,Mẹ của Hoàng,actor
Quang Minh - Hồng Đào,Cua lại vợ bầu,bà Tài,actor
Quang Minh - Hồng Đào,Gia đình số đỏ,bà Ba Phát,actor
Quang Minh - Hồng Đào,Em chưa 18,ông Hùng - ba của Linh Đan,actor
Trung Dân,Cua lại vợ bầu,ông Trung,actor
Trung Dân,Về quê ăn Tết,Ông Tư Ếch,actor
Trung Dân,Trạng Tí phiêu lưu ký,Ba Ba,actor
Trung Dân,Cô dâu đại chiến,Cha xứ,actor
Trung Dân,Em là bà nội của anh,dược sĩ,actor
Trung Dân,"Sài Gòn, anh yêu em",chú xe ôm,actor
Trung Dân,Chị chị em em 2,ông chủ tiệm may Như Ý,actor
Trung Dân,Lạc giới,ông Tám,actor
Trung Dân,Ma da (phim),ông Tư,actor
Trung Dân,Cột mốc 23,Thầy pháp,actor
Trung Dân,"Taxi, em tên gì?",ông Tài,actor
Hari Won,Cua lại vợ bầu,bác sĩ Hằng,actor
Hari Won,Bố già (phim 2021),chị nhân sự,actor
Hari Won,Chàng trai năm ấy,Sky,actor
Hari Won,Em là bà nội của anh,Min Ji,actor
Thuận Hoàng,Cua lại vợ bầu,Tân,actor
Hoàng Thanh Mai,Cua lại vợ bầu,huy,actor
Tuấn Trần,Bố già (phim 2021),Quắn,actor
Tuấn Trần,Đất rừng phương Nam (phim),Út Lục Lâm,actor
Tuấn Trần,Mai (phim),Dương (Sâu),actor
Tuấn Trần,Mang mẹ đi bỏ,Hoan,actor
Ngân Chi,Bố già (phim 2021),Bù Tọt,actor
Ngân Chi,Lật mặt 7: Một điều ước,Bé Quỳnh,actor
Ngọc Giàu,Bố già (phim 2021),bà Hai Giàu,actor
Ngọc Giàu,Nhà bà Nữ,Ngọc Ngà,actor
Ngọc Giàu,Mai (phim),Má Mi,actor
Ngọc Giàu,Bộ tứ báo thủ,chủ phòng trọ Jessica (Chét-Xi-Cà),actor
Ngọc Giàu,Tấm Cám: Chuyện chưa kể,Bà lão,actor
Ngọc Giàu,Võ lâm truyền kỳ (phim),Mẹ của Thắng,actor
Ngọc Giàu,Năm sau con lại về,bà Hai,actor
Ngọc Giàu,Khi đàn ông có bầu,Bà Hoài,actor
Ngọc Giàu,"Sài Gòn, anh yêu em",bà Ba Lệ Châu,actor
Ngọc Giàu,Lẵng hoa tình yêu,Đào,actor
Lan Phương,Bố già (phim 2021),thím Ánh,actor
Lan Phương,Scandal: Bí mật thảm đỏ,Hương,actor
Lan Phương,Cô dâu đại chiến 2,Ngọc,actor
Lan Phương,Tháng năm rực rỡ,Thành,actor
Lan Phương,Những thiên thần áo trắng,Vằn,actor
Lan Phương,Tết ở làng địa ngục,Thập Nương,actor
Lan Phương,Kẻ ăn hồn,Thập Nương,actor
Nguyễn Minh Tú,Bố già (phim 2021),Trúc Nhàn,actor
Xuân Nghị,Bố già (phim 2021),Thợ chụp ảnh thẻ,actor
Mai Trần,Bố già (phim 2021),Chủ tiệm mai táng,actor
Mai Trần,Hoán đổi thân xác,ông già,actor
Mai Trần,Bay vào cõi mộng,Ba của Thiên Kim,actor
Trúc Nhân,Bố già (phim 2021),Lơ xe,actor
Lê Dương Bảo Lâm,Bố già (phim 2021),"""thánh"" livestream",actor
Lê Dương Bảo Lâm,Nhà bà Nữ,Lê Minh Hổ,actor
Lê Dương Bảo Lâm,Bộ tứ báo thủ,Jessica (Chét-Xi-Cà),actor
Lê Dương Bảo Lâm,"Hot boy nổi loạn và câu chuyện về thằng Cười, cô gái điếm và con vịt",Người đàn ông hôn môi,actor
Lê Dương Bảo Lâm,Hot boy nổi loạn,Người đàn ông hôn môi,actor
Diệu Nhi,Bố già (phim 2021),đại tiểu thư,actor
Diệu Nhi,Gặp lại chị bầu,Ngọc Huyền,actor
Bà Tân Vlog,Bố già (phim 2021),người đàn bà nấu bánh chưng và Hưng Vlog vai con trai người đàn bà nấu bánh chưng,actor
Lê Giang,Nhà bà Nữ,Ngọc Nữ,actor
Lê Giang,Bộ tứ báo thủ,dì Bốn,actor
Lê Giang,Gặp lại chị bầu,bà Lê,actor
Lê Giang,Chị chị em em 2,Hai Bổn,actor
Uyển Ân,Nhà bà Nữ,Ngọc Nhi,actor
Uyển Ân,Mai (phim),Bình Minh,actor
Uyển Ân,Bộ tứ báo thủ,Kiều,actor
Uyển Ân,Cái giá của hạnh phúc,Võ Minh Minh/Nina,actor
Song Luân,Nhà bà Nữ,John,actor
Song Luân,Thanh Sói – Cúc dại trong đêm,"Long ""Bồ đà""",actor
Song Luân,Thanh Sói - Cúc dại trong đêm,"Long ""Bồ đà""",actor
Công Ninh,Nhà bà Nữ,bố của John,actor
Công Ninh,Đất rừng phương Nam (phim),Ba Sang,actor
Công Ninh,Cô dâu đại chiến,Họa sĩ K'Linh,actor
Công Ninh,Trại hoa đỏ (phim),thầy mo,actor
Công Ninh,Giải cứu thần chết,Ba của An An,actor
Công Ninh,Chị trợ lý của anh,Công Ninh,actor
Công Ninh,Đời cát,Huy,actor
Công Ninh,Người lắng nghe: Lời thì thầm,bà Ngân,actor
Ngân Quỳnh,Nhà bà Nữ,mẹ của John,actor
Ngân Quỳnh,Về quê ăn Tết,Bà Tư Ếch,actor
Ngân Quỳnh,Cô dâu đại chiến 2,Bà Hương,actor
Ngân Quỳnh,Bay vào cõi mộng,Mẹ của Thiên Kim,actor
Ngân Quỳnh,Em là bà nội của anh,y tá báo tử,actor
Ngân Quỳnh,Người lắng nghe: Lời thì thầm,vợ ông Nam,actor
Ngân Quỳnh,Án mạng lầu 4,Bà Quỳnh,actor
Băng Di,Đất rừng phương Nam (phim),Tư Mắm,actor
bác Ba Phi,Đất rừng phương Nam (phim),bà Tư Ù,actor
nói dối,Đất rừng phương Nam (phim),Võ Tòng,actor
Hứa Vĩ Văn,Đất rừng phương Nam (phim),Hai Thành,actor
Hứa Vĩ Văn,Giao lộ định mệnh,Kiệt,actor
Hứa Vĩ Văn,Tiệc trăng máu,Ngọc Quang,actor
Hứa Vĩ Văn,Thần tượng (phim),Long,actor
Hứa Vĩ Văn,Chàng trai năm ấy,Lâm,actor
Hứa Vĩ Văn,Em là bà nội của anh,Mạnh Đức,actor
Hứa Vĩ Văn,Em là của em,Khoa,actor
Hứa Vĩ Văn,Nghề siêu dễ (phim 2022),Chú Thái,actor
Mai Tài Phến,Đất rừng phương Nam (phim),"ông Ba ""bắt rắn""",actor
Mai Tài Phến,Chị trợ lý của anh,Phúc Nam,actor
Huỳnh Đông,Đất rừng phương Nam (phim),mẹ của An,actor
Huỳnh Đông,Thiên mệnh anh hùng,Nguyên Vũ,actor
Huỳnh Đông,Cô dâu đại chiến 2,Anh chàng đồng tính,actor
Huỳnh Đông,Người cộng sự,Y tá,actor
Huỳnh Đông,Lật mặt: 48h,A Dìn,actor
Hồng Ánh,Đất rừng phương Nam (phim),ông Sáu Ngù,actor
Hồng Ánh,Tiệc trăng máu,Nguyệt Ánh,actor
Hồng Ánh,Tháng năm rực rỡ,Hiểu Phương lúc trưởng thành,actor
Hồng Ánh,Em là bà nội của anh,bà Vy,actor
Hồng Ánh,Đời cát,Tâm,actor
Hồng Ánh,Lục Vân Tiên (phim truyền hình),Trịnh thái sư,actor
Hồng Ánh,Trăng nơi đáy giếng,Hạnh,actor
Hồng Ánh,Mười: Lời nguyền trở lại,Hồng,actor
Phương Anh Đào,Mai (phim),Mai,actor
Phương Anh Đào,Hồn papa da con gái,Giám khảo cuộc thi tài năng,actor
Phương Anh Đào,Tro tàn rực rỡ,Nhàn,actor
Hồng Đào (diễn viên),Mai (phim),bà Đào,actor
Hồng Đào (diễn viên),Cô thủ môn tội nghiệp,Kiều Dung,actor
Hồng Đào (diễn viên),Vật đổi sao dời,Lan,actor
Hồng Đào (diễn viên),Mang mẹ đi bỏ,bà Hạnh (Lê Thị Hạnh),actor
Hồng Đào (diễn viên),Chốt đơn!,bà Bình,actor
Trần Tiểu Vy,Mai (phim),vợ Dương,actor
Trần Tiểu Vy,Bộ tứ báo thủ,Quỳnh Anh,actor
Thanh Hằng (nghệ sĩ cải lương),Mai (phim),bà Nguyệt,actor
Nguyễn Cao Kỳ Duyên (người mẫu),Bộ tứ báo thủ,Karen,actor
Quân A.P,Bộ tứ báo thủ,chàng trai của Quỳnh Anh,actor
Thái Hòa (diễn viên),Long Ruồi,Tèo / Long Ruồi,actor
Thái Hòa (diễn viên),Tèo em,Tèo,actor
Thái Hòa (diễn viên),Lửa Phật,Hiền,actor
Thái Hòa (diễn viên),Quả tim máu,Cu Hù,actor
Thái Hòa (diễn viên),Để Mai tính,Hội,actor
Thái Hòa (diễn viên),Cưới ngay kẻo lỡ,Bích Trâm / Hùng,actor
Thái Hòa (diễn viên),Để Mai tính 2,Phạm Hương Hội - một doanh nhân thành đạt,actor
Thái Hòa (diễn viên),Hồn papa da con gái,Hải,actor
Thái Hòa (diễn viên),Tiệc trăng máu,Phan Bất Bình,actor
Thái Hòa (diễn viên),Tử chiến trên không,Long,actor
Thái Hòa (diễn viên),Võ lâm truyền kỳ (phim),Công an,actor
Thái Hòa (diễn viên),Cái giá của hạnh phúc,Đinh Công Thoại,actor
Thái Hòa (diễn viên),Địa đạo: Mặt trời trong bóng tối,Bảy Theo,actor
Thái Hòa (diễn viên),Để mai tính,Hội,actor
Tinna Tình,Long Ruồi,Nga,actor
Phi Thanh Vân,Long Ruồi,Bích,actor
Phi Thanh Vân,Trúng số (phim 2015),Hường,actor
Phi Thanh Vân,Lửa Phật,Lan,actor
Phi Thanh Vân,Cô dâu đại chiến,Huỳnh Phương,actor
Phi Thanh Vân,Giấc mơ của mẹ,Ngọc Thanh,actor
Phi Thanh Vân,Những thiên thần áo trắng,Cô hiệu trưởng,actor
Phi Thanh Vân,Cột mốc 23,Xuyên,actor
Khương Ngọc,Long Ruồi,Khắc,actor
Khương Ngọc,Thiên mệnh anh hùng,Sư phụ,actor
Khương Ngọc,Scandal: Bí mật thảm đỏ,Lê Hùng,actor
Khương Ngọc,Cô dâu đại chiến 2,Anh chàng đồng tính,actor
Khương Ngọc,Sài Gòn Yo!,Hải,actor
Khương Ngọc,Tiền chùa,Lucky Lộc,actor
Khương Ngọc,Song song (phim),Giáo sư Sâm,actor
Mai Thành,Long Ruồi,Lão Đại,actor
Mai Thành,Chuyện tình xa xứ,ông Bảy,actor
Mai Thành,Cô dâu đại chiến,học trò họa sĩ K'Linh,actor
Nguyễn Hậu,Long Ruồi,ông Hiền,actor
Nguyễn Hậu,Tèo em,Trưởng phòng dịch vụ,actor
Nguyễn Hậu,Dòng máu anh hùng,Công nhân trong mỏ sắt,actor
Nguyễn Hậu,Bẫy rồng,A Thoòng,actor
Nguyễn Hậu,Lửa Phật,Người đi đường,actor
Nguyễn Hậu,Chuyện tình xa xứ,ông Thạnh,actor
Nguyễn Hậu,Để Mai tính,Thuyền trưởng,actor
Nguyễn Hậu,Thần tượng (phim),nhà báo già,actor
Nguyễn Hậu,Hai Cũ,Phẫm,actor
Nguyễn Hậu,Sài Gòn Yo!,Ủy viên thành phố (†),actor
Nguyễn Hậu,Lạc giới,ông chủ tiệm xe máy,actor
Nguyễn Hậu,Tiền chùa,Peter Chang (†),actor
Nguyễn Hậu,Để mai tính,Thuyền trưởng,actor
Quốc Huy (diễn viên),Long Ruồi,Gà,actor
Quốc Huy (diễn viên),Trại hoa đỏ (phim),Lưu,actor
Quốc Huy (diễn viên),Ngũ quái Sài Gòn,Hồ Ly Cô Cô,actor
Quốc Huy (diễn viên),Vong nhi,Phương,actor
Jayvee Mai Thế Hiệp,Long Ruồi,nhân viên bảo vệ,actor
Thanh Bùi,Long Ruồi,gã Việt kiều,actor
Johnny Trí Nguyễn,Tèo em,Tí,actor
Johnny Trí Nguyễn,Dòng máu anh hùng,Lê Văn Cường,actor
Johnny Trí Nguyễn,Bẫy rồng,Quân / Hổ,actor
Johnny Trí Nguyễn,Để Mai tính,Anh chàng đồng tính Johnny,actor
Johnny Trí Nguyễn,Cưới ngay kẻo lỡ,Hồ Sơn,actor
Johnny Trí Nguyễn,Để Mai tính 2,người bán đĩa dạo,actor
Johnny Trí Nguyễn,Nụ hôn thần chết (phim),Thần chết Du,actor
Johnny Trí Nguyễn,Nụ hôn thần chết,Thần chết Du,actor
Johnny Trí Nguyễn,Để mai tính,Anh chàng đồng tính Johnny,actor
Yaya Trương Nhi,Tèo em,Phương,actor
Yaya Trương Nhi,Hai Phượng,Ba của Hai Phượng,actor
Yaya Trương Nhi,Để Mai tính 2,Quyên - bạn thân của Thư Lê,actor
Yaya Trương Nhi,Nhà có 5 nàng tiên,Tiên Dung,actor
Thân Thúy Hà,Tèo em,Mẹ của Minh Minh,actor
Thân Thúy Hà,Cột mốc 23,Người đàn bà ma,actor
Ngọc Diệp,Tèo em,Người bán vé xe đò,actor
Ngọc Diệp,Lửa Phật,Vân,actor
Ngọc Diệp,Cô dâu đại chiến,Linh,actor
Ngọc Diệp,Cưới ngay kẻo lỡ,Khánh Linh,actor
Ngọc Diệp,Bóng ma học đường,Thanh Mai,actor
Mai Thế Hiệp,Tèo em,Khoa,actor
Mai Thế Hiệp,Trúng số (phim 2015),Đại úy công an,actor
Mai Thế Hiệp,Thiên mệnh anh hùng,Hoa Xuân lúc nhỏ,actor
Mai Thế Hiệp,Scandal: Bí mật thảm đỏ,Quản lý của Trà My,actor
Mai Thế Hiệp,Cô dâu đại chiến 2,MC trong đám cưới,actor
Mai Thế Hiệp,Tôi thấy hoa vàng trên cỏ xanh (phim),thầy Nhãn,actor
Mai Thế Hiệp,Chàng trai năm ấy,bác sĩ,actor
Mai Thế Hiệp,Em là bà nội của anh,bác sĩ,actor
Mai Thế Hiệp,Người lắng nghe: Lời thì thầm,con ông Nam,actor
Mai Thế Hiệp,Tro tàn rực rỡ,Nhà sư Phim còn có sự tham gia diễn xuất của các diễn viên phụ bao gồm Nguyễn Văn Thạch và Hoàng Thị Thúy trong vai hai người hàng xóm,actor
Mai Thế Hiệp,Bao giờ có yêu nhau,Chủ tiệm tạp hóa,actor
Mai Thế Hiệp,Đoạt hồn,cậu Thức,actor
Mai Thế Hiệp,Tiền chùa,Chiến,actor
Dustin Nguyễn,Trúng số (phim 2015),Tư Nghĩa,actor
Dustin Nguyễn,Dòng máu anh hùng,Tham Nguyễn,actor
Dustin Nguyễn,Lửa Phật,Đạo,actor
Dustin Nguyễn,Để Mai tính,Dũng,actor
Dustin Nguyễn,Để Mai tính 2,Dũng (xuất hiện trong cảnh hồi tưởng),actor
Dustin Nguyễn,Để mai tính,Dũng,actor
Thu Trang,Trúng số (phim 2015),Chín Cúc,actor
Thu Trang,Cô dâu đại chiến 2,Bạn của Ngọc,actor
Thu Trang,Để Mai tính 2,Hường - người giúp việc của gia đình Thư Lê và nảy sinh tình cảm với Hội vì không biết anh là người đồng tính,actor
Thu Trang,Tiệc trăng máu,Thu Quỳnh,actor
Thu Trang,Năm sau con lại về,bà vợ đi đường,actor
Thu Trang,Em là bà nội của anh,Duyên,actor
Thu Trang,Nghề siêu dễ (phim 2022),"Thu ""Hai Ngón""",actor
Kim Xuân,Trúng số (phim 2015),bà Mười Lài,actor
Kim Xuân,Chuyện tình xa xứ,bà Kim,actor
Kim Xuân,Quả tim máu,bà Lê,actor
Kim Xuân,Em là bà nội của anh,bà Xuân,actor
Kim Xuân,Lật mặt (phim),bà Loan,actor
Kim Xuân,Cô hầu gái,Bà Hàn,actor
Kim Xuân,Giấc mơ của mẹ,Bà Xuân,actor
Kim Xuân,Người đẹp Tây Đô,Ông Phú,actor
Kim Xuân,Sài Gòn Yo!,Má của Mai,actor
Kim Xuân,Bao giờ có yêu nhau,Mẹ của Linh,actor
Kim Xuân,Lật mặt,bà Loan,actor
Thụy Mười,Trúng số (phim 2015),bà Hai Tung,actor
Thụy Mười,Lật Mặt 6: Tấm vé định mệnh,bà Tư,actor
Thụy Mười,Lật mặt 6: Tấm vé định mệnh,bà Tư,actor
365daband,Tấm Cám: Chuyện chưa kể,Tướng quân Trần Bằng,actor
365daband,Chàng trai năm ấy,Tuấn Kiệt,actor
Võ Ngọc Trai,Tấm Cám: Chuyện chưa kể,Tướng quân Nguyễn Lực,actor
Võ Ngọc Trai,Em chưa 18,Vũ,actor
Võ Ngọc Trai,Giải cứu thần chết,"Hải ""a dua""",actor
Võ Ngọc Trai,Em là bà nội của anh,thanh niên đeo mắt kính,actor
S.T Sơn Thạch,Tấm Cám: Chuyện chưa kể,Tướng quân Thạch Biền,actor
S.T Sơn Thạch,Cô Ba Sài Gòn,Tuấn,actor
Jun Phạm,Tấm Cám: Chuyện chưa kể,Thái giám Thuận Nô,actor
Jun Phạm,Về quê ăn Tết,Đậu Đỏ,actor
Jun Phạm,Hồn papa da con gái,Giám khảo cuộc thi tài năng,actor
Jun Phạm,12 chòm sao: Vẽ đường cho yêu chạy,Lâm,actor
Thành Lộc,Tấm Cám: Chuyện chưa kể,Ông Bụt,actor
Thành Lộc,Cô thủ môn tội nghiệp,Hữu,actor
Thành Lộc,Hồn papa da con gái,CEO Quang Nguyễn,actor
Thành Lộc,Nụ hôn thần chết (phim),Cha xứ,actor
Thành Lộc,Giải cứu thần chết,Thầy hiệu trưởng,actor
Thành Lộc,Chàng trai năm ấy,đạo diễn phim,actor
Thành Lộc,Nụ hôn thần chết,Cha xứ,actor
Thành Lộc,Lời nguyền huyết ngải,bà lão câm,actor
Thành Lộc,Lạc giới,ông chủ quán ăn,actor
Thành Lộc,Ma da (phim),ông Lương,actor
Hồng Vân (diễn viên),Cô Ba Sài Gòn,bà An Khánh,actor
Hồng Vân (diễn viên),Gái già lắm chiêu 3,bà nội Lê Khôi Nguyên,actor
Hồng Vân (diễn viên),Gái già lắm chiêu V: Những cuộc đời vương giả,Lý Lệ Hồng,actor
Hồng Vân (diễn viên),Thanh Sói – Cúc dại trong đêm,Bà Sáu,actor
Hồng Vân (diễn viên),Cô thủ môn tội nghiệp,Tiểu Mai,actor
Hồng Vân (diễn viên),Chốt đơn!,bà Trang,actor
Hồng Vân (diễn viên),Hồn papa da con gái,Bà Liên,actor
Hồng Vân (diễn viên),Khi đàn ông có bầu,Hồng,actor
Hồng Vân (diễn viên),Giấc mơ của mẹ,Bà Thanh,actor
Hồng Vân (diễn viên),Như một huyền thoại,Bồi Thịnh,actor
Hồng Vân (diễn viên),Gái già lắm chiêu V,Lý Lệ Hồng,actor
Hồng Vân (diễn viên),Thanh Sói - Cúc dại trong đêm,Bà Sáu,actor
Hồng Vân (diễn viên),Áo lụa Hà Đông (phim),Bà mụ,actor
Diễm My 9x,Cô Ba Sài Gòn,Helen,actor
Diễm My 9x,Để Mai tính 2,Thư Lê - một cô tiểu thư xinh đẹp,actor
Diễm My 9x,Mỹ nhân kế (phim),Mai Thị,actor
Diễm My,Cô Ba Sài Gòn,bà Thanh Loan,actor
Diễm My,Cưới ngay kẻo lỡ,mẹ của Khánh Linh,actor
Diễm My,Tuyết nhiệt đới,Mẹ Hải,actor
Oanh Kiều,Cô Ba Sài Gòn,bà Thanh Loan lúc trẻ,actor
Oanh Kiều,Về quê ăn Tết,Hằng (cô gái tâm thần),actor
Oanh Kiều,Trạng Tí phiêu lưu ký,Thị Hến,actor
Oanh Kiều,Lật mặt 7: Một điều ước,Bà Hai lúc trẻ,actor
Oanh Kiều,Người lắng nghe: Lời thì thầm,nữ nhà văn An Nhiên,actor
Vũ Hà Anh,Cô Ba Sài Gòn,Trang Ngô,actor
Lê Khanh,Gái già lắm chiêu 3,Thái Tuyết Mai,actor
Lê Khanh,Gái già lắm chiêu V: Những cuộc đời vương giả,Lý Lệ Hà,actor
Lê Khanh,Gái già lắm chiêu V,Lý Lệ Hà,actor
Lê Xuân Tiền,Gái già lắm chiêu 3,Lê Khôi Nguyên,actor
Bình An (diễn viên),Gái già lắm chiêu 3,Pierre,actor
Bình An (diễn viên),Lạc giới,Hải,actor
Khương Lê,Gái già lắm chiêu V: Những cuộc đời vương giả,Jonathan Vĩnh Thuỵ,actor
Khương Lê,Gái già lắm chiêu V,Jonathan Vĩnh Thuỵ,actor
Hoàng Dũng,Gái già lắm chiêu V: Những cuộc đời vương giả,Vĩnh Nghị,actor
Hoàng Dũng,Gái già lắm chiêu V,Vĩnh Nghị,actor
Lê Khánh,Gái già lắm chiêu V: Những cuộc đời vương giả,Tôn Nữ Thục Lan,actor
Lê Khánh,Cô dâu đại chiến,Quyên,actor
Lê Khánh,Cô dâu đại chiến 2,Quyên,actor
Lê Khánh,Năm sau con lại về,Mai,actor
Lê Khánh,Gái già lắm chiêu V,Tôn Nữ Thục Lan,actor
Huỳnh Kiến An,Gái già lắm chiêu V: Những cuộc đời vương giả,ông Khanh,actor
Huỳnh Kiến An,Cô hầu gái,Ông Châu,actor
Huỳnh Kiến An,Gái già lắm chiêu V,ông Khanh,actor
Anh Dũng (diễn viên),Gái già lắm chiêu V: Những cuộc đời vương giả,Quách Gia Huy,actor
Anh Dũng (diễn viên),Gái già lắm chiêu V,Quách Gia Huy,actor
Hạnh Thúy,Gái già lắm chiêu V: Những cuộc đời vương giả,Mẹ bề trên (Ma sơ Lài),actor
Hạnh Thúy,Cô dâu đại chiến 2,Nhà báo,actor
Hạnh Thúy,Trại hoa đỏ (phim),bà Hồng,actor
Hạnh Thúy,Tiệm bánh Hoàng tử bé,chị Hoa,actor
Hạnh Thúy,Tiệm bánh Hoàng tử bé 2,Hoa,actor
Hạnh Thúy,Tết ở làng địa ngục,Thị Lam,actor
Hạnh Thúy,Tro tàn rực rỡ,Loan,actor
Hạnh Thúy,Gái già lắm chiêu V,Mẹ bề trên (Ma sơ Lài),actor
Hạnh Thúy,Đẹp từng centimet,người đi đường,actor
TyhD Thùy Dương,Gái già lắm chiêu V: Những cuộc đời vương giả,Ma sơ 1,actor
TyhD Thùy Dương,Gái già lắm chiêu V,Ma sơ 1,actor
Đế quốc thực dân Pháp,Dòng máu anh hùng,Võ Thanh Thúy,actor
gái mại dâm,Dòng máu anh hùng,Đề Cảnh,actor
Nguyễn Chánh Tín,Dòng máu anh hùng,Hứa Danh,actor
Nguyễn Chánh Tín,Cưới ngay kẻo lỡ,ba của Khánh Linh,actor
Nguyễn Chánh Tín,Em chưa 18,ba của Hoàng,actor
Nguyễn Chánh Tín,Khi đàn ông có bầu,Bác sĩ khám thai,actor
Nguyễn Văn Đây,Dòng máu anh hùng,Derue,actor
Nguyễn Văn Đây,Xích lô (phim),Người Đàn Ông Hát Ru,actor
Nguyễn Thắng,Dòng máu anh hùng,Sĩ quan Tessier,actor
Stephane Gauger,Dòng máu anh hùng,Người gián điệp,actor
David Minetti,Dòng máu anh hùng,Người mật thám,actor
Quốc Cường,Dòng máu anh hùng,Lính của Sỹ,actor
Quốc Cường,Người lắng nghe: Lời thì thầm,bác sĩ Tuấn Khang,actor
Quốc Cường,Cột mốc 23,Nguyên,actor
Quốc Cường,Lật Mặt 6: Tấm vé định mệnh,Phương,actor
Quốc Cường,Lật mặt 6: Tấm vé định mệnh,Phương,actor
Hoàng Phúc (diễn viên),Bẫy rồng,Hắc Long,actor
Hoàng Phúc (diễn viên),Tháng năm rực rỡ,mẹ kế của Tuyết Anh,actor
Hoàng Phúc (diễn viên),Nhiệm vụ đặc biệt,Y Hak,actor
Hoàng Phúc (diễn viên),Xích lô (phim),Răng,actor
Lâm Minh Thắng,Bẫy rồng,Cang / Xà,actor
Trần Bảo Sơn,Ngôi nhà trong hẻm,Thành,actor
Trần Bảo Sơn,Giao lộ định mệnh,Mạnh,actor
Trần Bảo Sơn,Đoạt hồn,Vương Gia Huy,actor
Trần Bảo Sơn,Đập cánh giữa không trung,Hoàng,actor
Phan Thị Mơ,Ngôi nhà trong hẻm,Dung,actor
Xuân Phát,Lửa Phật,Ông Tính,actor
Bùi Văn Hải,Lửa Phật,Lính đào ngũ,actor
Bùi Văn Hải,Để Mai tính,Minh,actor
Bùi Văn Hải,Để mai tính,Minh,actor
Kiều Mai Lý,Lửa Phật,Bà hàng xóm,actor
Kiều Mai Lý,Hello cô Ba,Bà Hai,actor
Kiều Mai Lý,Nhà có 5 nàng tiên,bà Chín,actor
Kiều Mai Lý,Năm sau con lại về,bà hàng xóm,actor
Will,Về quê ăn Tết,Trí,actor
Chí Tâm,Về quê ăn Tết,Hạnh,actor
Xuân Lan,Về quê ăn Tết,Mỹ Tâm,actor
Xuân Lan,Bay vào cõi mộng,"Hà ""ớt hiểm""",actor
Xuân Lan,Tiệm bánh Hoàng tử bé,dì Vân,actor
Xuân Lan,Tiệm bánh Hoàng tử bé 2,Linda Kiều,actor
Xuân Lan,Cái giá của hạnh phúc,Võ Thùy Dương,actor
Xuân Lan,Những cô gái chân dài,Xuân Lan,actor
Tiểu Bảo Quốc,Về quê ăn Tết,Chủ nhiệm HTX,actor
phượng hoàng,Song lang (phim),Dũng,actor
Đồng bằng sông Cửu Long,Hai Phượng,Hai Phượng (lúc thiếu niên),actor
Khả Ngân,Hai Phượng,Cảnh sát Lương,actor
Khả Ngân,Lật mặt 2: Phim trường,Vy,actor
Phan Thanh Nhiên,Hai Phượng,Trực,actor
Phạm Anh Khoa,Hai Phượng,Hương,actor
Phạm Anh Khoa,Mỹ nhân kế (phim),Dương Linh,actor
Lê Bình (diễn viên),Hai Phượng,Bà chủ tiệm cầm đồ,actor
Lê Bình (diễn viên),Tôi thấy hoa vàng trên cỏ xanh (phim),ông Năm,actor
Lê Bình (diễn viên),Hồn papa da con gái,Ông bán cà phê,actor
Lê Bình (diễn viên),Nụ hôn thần chết (phim),Ông hốt rác,actor
Lê Bình (diễn viên),Nụ hôn thần chết,Ông hốt rác,actor
Lê Bình (diễn viên),Tiền chùa,Thầy bói Sáng,actor
diễn viên đóng thế,Trạng Tí phiêu lưu ký,thầy Thích Thông Tuệ,actor
Miền Bắc (Việt Nam),Trạng Tí phiêu lưu ký,Hai Hậu,actor
Đài Truyền hình Việt Nam,Trạng Tí phiêu lưu ký,Đồ Kiết,actor
Taekwondo,Trạng Tí phiêu lưu ký,Bá hộ Mão,actor
Quang Thắng,Trạng Tí phiêu lưu ký,Ông lão ăn xin,actor
Quang Thắng,Thần tượng (phim),bố của Linh,actor
Quang Thắng,Chàng trai năm ấy,bố của Phong,actor
Quang Thắng,Áo lụa Hà Đông (phim),Ông Phán lúc trẻ,actor
Trung Anh,Trạng Tí phiêu lưu ký,Sở Lộc Hồng,actor
Trung Anh,Về nhà đi con,Trang (Mẹ của Bảo) Cùng một số diễn viên khác,actor
Trung Anh,Song song (phim),Biên tập viên Thời sự,actor
Đồng Ánh Quỳnh,Thanh Sói – Cúc dại trong đêm,Bi (Thanh Sói lúc trẻ),actor
Đồng Ánh Quỳnh,Thanh Sói - Cúc dại trong đêm,Bi (Thanh Sói lúc trẻ),actor
Tóc Tiên (ca sĩ),Thanh Sói – Cúc dại trong đêm,Thanh,actor
Tóc Tiên (ca sĩ),Thanh Sói - Cúc dại trong đêm,Thanh,actor
Rima Thanh Vy,Thanh Sói – Cúc dại trong đêm,Hồng,actor
Rima Thanh Vy,Thanh Sói - Cúc dại trong đêm,Hồng,actor
Rima Thanh Vy,Mười: Lời nguyền trở lại,Hằng,actor
Thuận Nguyễn,Thanh Sói – Cúc dại trong đêm,"Hải ""Chó điên""",actor
Thuận Nguyễn,Thanh Sói - Cúc dại trong đêm,"Hải ""Chó điên""",actor
Gi A Nguyễn,Thanh Sói – Cúc dại trong đêm,"Sơn ""Lai""",actor
Gi A Nguyễn,Thanh Sói - Cúc dại trong đêm,"Sơn ""Lai""",actor
Phan Thanh Hiền,Thanh Sói – Cúc dại trong đêm,"Tèo ""Mặt sẹo""",actor
Phan Thanh Hiền,Thanh Sói - Cúc dại trong đêm,"Tèo ""Mặt sẹo""",actor
Thanh Mai (MC),Cô thủ môn tội nghiệp,Hiền,actor
Lê Công Tuấn Anh,Cô thủ môn tội nghiệp,Công,actor
Lê Công Tuấn Anh,Xích lô (phim),Vũ Công Say Rượu,actor
Lê Tuấn Anh (diễn viên sinh 1968),Cô thủ môn tội nghiệp,Tuấn,actor
Thanh Vy,Cô thủ môn tội nghiệp,Má Hiền,actor
Thanh Vy,Áo lụa Hà Đông (phim),Bà Hiền,actor
Thanh Vy,Cột mốc 23,Sư cô,actor
Vân Sơn (nghệ sĩ hài),Vật đổi sao dời,Huy,actor
Bảo Liêm,Vật đổi sao dời,Long,actor
Quang Minh (diễn viên),Vật đổi sao dời,Michael Nam,actor
Quang Minh (diễn viên),Cái giá của hạnh phúc,Má Mì,actor
Văn Chung (kịch sĩ),Vật đổi sao dời,Ba của Phương,actor
Mạc Can,Vật đổi sao dời,Tài xế xe lam,actor
Mạc Can,Khi đàn ông có bầu,mẹ bệnh nhân,actor
Mạc Can,Chuyện ma gần nhà,Thoại Phi,actor
Mạc Can,Hai Cũ,Bảo vệ Tám Kỷ,actor
Mạc Can,Xích lô (phim),Người Đi Tiểu Nhiều,actor
Mạc Can,Áo lụa Hà Đông (phim),Ông già chiếu phim,actor
Go Kyung-pyo,Mang mẹ đi bỏ,Ji-hwan,actor
Lâm Vỹ Dạ,Mang mẹ đi bỏ,Châu,actor
Lâm Vỹ Dạ,Nhà có 5 nàng tiên,con dâu bà Chín,actor
Lâm Vỹ Dạ,Siêu lừa gặp siêu lầy,Thu Cúc,actor
Nguyễn Thúc Thùy Tiên,Chốt đơn!,Hoàng Linh,actor
Quyền Linh,Chốt đơn!,An,actor
Quyền Linh,Khi đàn ông có bầu,Hoàng,actor
David Phạm,Gia đình số đỏ,Phát Tài,actor
David Phạm,Để Mai tính 2,người tù đẹp trai,actor
Don Nguyễn,Gia đình số đỏ,Phát Minh,actor
Don Nguyễn,Em chưa 18,Abu,actor
Don Nguyễn,Chàng trai năm ấy,Quang Huy,actor
Don Nguyễn,"Hot boy nổi loạn và câu chuyện về thằng Cười, cô gái điếm và con vịt",Đàn em của Danh,actor
Don Nguyễn,Hot boy nổi loạn,Đàn em của Danh,actor
Văn Hiệp,Gia đình số đỏ,ông Quang Vinh,actor
Văn Hiệp,Mùa ổi,Ông bảo vệ,actor
Nhã Phương (diễn viên),Gia đình số đỏ,Hàn Mai,actor
Nhã Phương (diễn viên),Quả tim máu,Linh,actor
Nhã Phương (diễn viên),Những thiên thần áo trắng,Tuyết,actor
Ngọc Quyên,Gia đình số đỏ,Mỹ Dung,actor
Ngọc Quyên,Mỹ nhân kế (phim),Đào Thị,actor
Ngọc Quyên,Tuyết nhiệt đới,Yến,actor
Huỳnh Anh Tuấn,Gia đình số đỏ,ông Vũ,actor
Huỳnh Anh Tuấn,Để Mai tính 2,ông Trúc,actor
Huỳnh Anh Tuấn,Hello cô Ba,Ông Trọng,actor
Huỳnh Anh Tuấn,Khi đàn ông có bầu,Anh chàng xe ôm,actor
Huỳnh Anh Tuấn,Giấc mơ của mẹ,Ông Phát,actor
Tuấn Cường,Oan hồn (phim 2004),Lộc,actor
Kathleen Lương,Oan hồn (phim 2004),Linh,actor
Kathy Uyên,Oan hồn (phim 2004),Hoa,actor
Kathy Uyên,Chuyện tình xa xứ,Tiffany,actor
Kathy Uyên,Để Mai tính,Mai,actor
Kathy Uyên,Để Mai tính 2,Mai,actor
Kathy Uyên,Em chưa 18,Uyên Thi,actor
Kathy Uyên,Hồn papa da con gái,Nhung,actor
Kathy Uyên,Để mai tính,Mai,actor
Bình Minh (người mẫu),Chuyện tình xa xứ,Khang,actor
Bình Minh (người mẫu),Giao lộ định mệnh,Hùng,actor
Bình Minh (người mẫu),Cô dâu đại chiến 2,Việt,actor
Bình Minh (người mẫu),Để Mai tính,Trợ lý của Antoine,actor
Bình Minh (người mẫu),Áo lụa Hà Đông (phim),Cảnh sát,actor
Bình Minh (người mẫu),Mười: Lời nguyền trở lại,Nguyên,actor
Bình Minh (người mẫu),Để mai tính,Trợ lý của Antoine,actor
Huy Khánh,Chuyện tình xa xứ,Hiếu,actor
Huy Khánh,Cô dâu đại chiến,Thái,actor
Huy Khánh,Để Mai tính 2,Hoàng Mỹ - một tài xế taxi vắng khách,actor
Huy Khánh,Em chưa 18,Tuấn,actor
Huy Khánh,Hồn papa da con gái,Thầy giáo Hoàng,actor
Huy Khánh,"Sài Gòn, anh yêu em",Việt Phương,actor
Huy Khánh,Cột mốc 23,Quynh,actor
Huy Khánh,Lật Mặt 6: Tấm vé định mệnh,Phát,actor
Huy Khánh,Lật mặt 6: Tấm vé định mệnh,Phát,actor
Đinh Ngọc Diệp,Chuyện tình xa xứ,Jennifer,actor
Tăng Bảo Quyên,Chuyện tình xa xứ,Thảo,actor
Tăng Bảo Quyên,Giao lộ định mệnh,Linh,actor
Tăng Bảo Quyên,Những người viết huyền thoại (phim),Hà,actor
Mai Sơn Lâm,Chuyện tình xa xứ,nam MC cuộc thi hoa hậu,actor
Mạc Anh Thư,Chuyện tình xa xứ,nữ MC cuộc thi hoa hậu,actor
Tấn Thi,Chuyện tình xa xứ,bác sĩ,actor
Tấn Thi,Tôi thấy hoa vàng trên cỏ xanh (phim),Xung,actor
Tấn Thi,Chàng trai năm ấy,ba của Quang Huy,actor
Tấn Thi,Sài Gòn Yo!,Ông giáo sư,actor
Tấn Thi,Thất sơn tâm linh,ông Sang,actor
Vũ Thu Phương,Giao lộ định mệnh,Trang,actor
Vũ Thu Phương,Võ lâm truyền kỳ (phim),Thúy,actor
Đại Nghĩa (diễn viên),Giao lộ định mệnh,Bảo,actor
Đại Nghĩa (diễn viên),Cô dâu đại chiến,Khải,actor
Đại Nghĩa (diễn viên),Cô dâu đại chiến 2,Giáo sư,actor
Đại Nghĩa (diễn viên),Em là của em,Cha của Hoàng,actor
Đại Nghĩa (diễn viên),Tiệm bánh Hoàng tử bé,chú Bảo,actor
Đại Nghĩa (diễn viên),Tiệm bánh Hoàng tử bé 2,ông Bỉu,actor
Đại Nghĩa (diễn viên),Siêu lừa gặp siêu lầy,kiến trúc sư Thái,actor
Đại Nghĩa (diễn viên),Sắc đẹp ngàn cân (phim 2017),Bác sĩ Thái,actor
Ngân Khánh,Cô dâu đại chiến,Trang,actor
Ngân Khánh,Nhà có 5 nàng tiên,Tiên Nữ,actor
Vân Trang,Cô dâu đại chiến,Mai Châu,actor
Vân Trang,Thiên mệnh anh hùng,Trần Tướng quân,actor
Vân Trang,Scandal: Bí mật thảm đỏ,Ý Linh,actor
Vân Trang,Cô dâu đại chiến 2,Mai Châu,actor
Vân Trang,Hồn papa da con gái,Bình,actor
Vân Trang,Sông dài (phim truyền hình),Ông,actor
Vân Trang,Chuyện ma gần nhà,Ái Như,actor
Vân Trang,Sài Gòn Yo!,Mai,actor
Vân Trang,Tiền chùa,Bích Quyên,actor
Vân Trang,Sông dài (phim),Ông,actor
Võ Thanh Hòa,Cô dâu đại chiến,Thái lúc tuổi teen,actor
Đinh Tiến Đạt,Cô dâu đại chiến,Đầu bếp,actor
Minh Thuận (ca sĩ),Cô dâu đại chiến,Người hàng xóm,actor
Minh Thuận (ca sĩ),Thiên mệnh anh hùng,Gái lầu xanh,actor
Minh Thuận (ca sĩ),Scandal: Bí mật thảm đỏ,Thiện sản xuất,actor
Minh Thuận (ca sĩ),Cô dâu đại chiến 2,Ông Thiện,actor
Minh Thuận (ca sĩ),Khi đàn ông có bầu,Công nhân vệ sinh (†),actor
Midu,Thiên mệnh anh hùng,Hoa Xuân,actor
Midu,Những thiên thần áo trắng,Ngọc,actor
Nguyễn Thị Anh,Thiên mệnh anh hùng,Hoa Hạ,actor
Kim Hiền (diễn viên),Thiên mệnh anh hùng,Lê Đại nhân,actor
Kim Hiền (diễn viên),Ngũ quái Sài Gòn,Bà Mận Hoa Kỳ,actor
Maya (ca sĩ),Scandal: Bí mật thảm đỏ,Trà My,actor
Maya (ca sĩ),Cô dâu đại chiến 2,Thu Huyền,actor
Maya (ca sĩ),Em là của em,Quỳnh Anh,actor
Maya (ca sĩ),"Sài Gòn, anh yêu em",Thiên Kim,actor
Dương Hoàng Anh,Scandal: Bí mật thảm đỏ,Hoàng Kiệt,actor
Dương Hoàng Anh,Những thiên thần áo trắng,Bố July Miu,actor
Dương Khắc Linh,Scandal: Bí mật thảm đỏ,Nhạc sĩ Dương Khắc Linh,actor
Hoàng Bách,Cô dâu đại chiến 2,Sơn,actor
Hoàng Bách,Quả tim máu,Sơn,actor
Quý Bình,Quả tim máu,Tâm,actor
Quý Bình,Năm sau con lại về,Thiện,actor
Quý Bình,Sông dài (phim truyền hình),Bà,actor
Quý Bình,Bao giờ có yêu nhau,Huy,actor
Quý Bình,Sông dài (phim),Bà,actor
Tú Vi,Quả tim máu,Phương,actor
Văn Tùng,Quả tim máu,ông Sáu Dũng,actor
Văn Tùng,Tháng năm rực rỡ,mẹ của Hiểu Phương,actor
Văn Tùng,Thần tượng (phim),ba của Trí,actor
Văn Tùng,Lật mặt 7: Một điều ước,Chú Hòa,actor
Văn Tùng,Bao giờ có yêu nhau,Ba của Huy,actor
Văn Tùng,Những cô gái chân dài,đạo diễn quảng cáo,actor
Khánh Hiền,Tôi thấy hoa vàng trên cỏ xanh (phim),chị Vinh,actor
Khánh Hiền,"Taxi, em tên gì?",Hạ Mây,actor
Trần Nghĩa (diễn viên),Mắt biếc (phim),Ngạn,actor
Trúc Anh,Mắt biếc (phim),Hà Lan,actor
Trúc Anh,Tháng năm rực rỡ,bà chủ nhà thổ,actor
Khánh Huyền,Mắt biếc (phim),Cô của Hà Lan,actor
Khánh Huyền,Tháng năm rực rỡ,nữ sinh bắt nạt Phương My,actor
Khánh Huyền,Chàng trai năm ấy,mẹ của Phong,actor
Khánh Huyền,Giấc mơ của mẹ,Bà Hồng,actor
Thanh Hiền,Mắt biếc (phim),Bà nội của Ngạn,actor
Thanh Hiền,Lật mặt 7: Một điều ước,Bà Hai,actor
Cao Thái Hà,Trại hoa đỏ (phim),Vân,actor
Maryline Tâm Võ,Để Mai tính,Ánh,actor
Maryline Tâm Võ,Để mai tính,Ánh,actor
Leon Lê,Để Mai tính,Sơn,actor
Leon Lê,Để mai tính,Sơn,actor
Trần Trung Lĩnh,Để Mai tính,Trí,actor
Trần Trung Lĩnh,Để mai tính,Trí,actor
Trương Thế Vinh,Để Mai tính,Chủ quán bar,actor
Trương Thế Vinh,Hoán đổi thân xác,Trương Thế Vinh - chàng ca sĩ nghiệp dư sẵn sàng bán giọng ca vàng của mình đi để kiếm số tiền lớn chữa bệnh cho bà ngoại,actor
Trương Thế Vinh,Nhà có 5 nàng tiên,Khải Phong,actor
Trương Thế Vinh,Án mạng lầu 4,Thắng,actor
Trương Thế Vinh,Song song (phim),Quân,actor
Trương Thế Vinh,Để mai tính,Chủ quán bar,actor
Trương Thế Vinh,Cha và con và...,Thăng,actor
Dominic Pereira,Để Mai tính,Khách trong khách sạn,actor
Dominic Pereira,Để mai tính,Khách trong khách sạn,actor
Quách Ngọc Ngoan,Khát vọng Thăng Long,Phụng Càn Chí Lý Hoàng hậu,actor
Quách Ngọc Ngoan,Long thành cầm giả ca (phim),Cầm / Gái,actor
Thanh Thủy (diễn viên),Cưới ngay kẻo lỡ,mẹ của Hồ Sơn,actor
Thanh Thủy (diễn viên),Hello cô Ba,Bà Năm,actor
Thanh Thủy (diễn viên),Năm sau con lại về,bà Lương,actor
Minh Đức (diễn viên),Cưới ngay kẻo lỡ,mẹ của Trung Hà,actor
Minh Đức (diễn viên),Nụ hôn thần chết (phim),Má Phương,actor
Minh Đức (diễn viên),Em là bà nội của anh,bà Đại,actor
Minh Đức (diễn viên),Nụ hôn thần chết,Má Phương,actor
Hữu Luân,Cưới ngay kẻo lỡ,giám đốc tòa soạn,actor
Hồ Kiểng,Cưới ngay kẻo lỡ,ông cụ trong thang máy,actor
Hồ Kiểng,Hai Cũ,Sĩ quan Nhật,actor
Quang Sự,Để Mai tính 2,Nam - một họa sĩ kiêm nhân viên của khách sạn mà Hội đang tạm trú,actor
Quang Sự,Người lắng nghe: Lời thì thầm,bác sĩ trị liệu tâm lý Tường Minh,actor
Petey Majik Nguyễn,Để Mai tính 2,đối tác của Hội,actor
Petey Majik Nguyễn,Chàng trai năm ấy,bác sĩ bên Singapore,actor
Châu Bùi,Em chưa 18,Yến,actor
Aaron Toronto,Em chưa 18,ông Quý,actor
Diễn viên Chí Tâm,Em chưa 18,Kiệt,actor
Mỹ Duyên,Hồn papa da con gái,Tâm (vợ của Hải,actor
Mỹ Duyên,Tháng năm rực rỡ,Đông Hồ lúc trưởng thành,actor
Mỹ Duyên,Những thiên thần áo trắng,Cô chủ nhiệm Thu,actor
Mỹ Duyên,Chuyện tình trong ngõ hẹp,Hà,actor
Đức Thịnh (đạo diễn),Tiệc trăng máu,Tuấn Mạnh,actor
Lê Thiện (nghệ sĩ),Tiệc trăng máu,Mẹ của Bình,actor
Lê Thiện (nghệ sĩ),Tháng năm rực rỡ,cô giáo Linh Lan,actor
Lê Thiện (nghệ sĩ),Người lắng nghe: Lời thì thầm,bà ngoại Thuỳ Dương,actor
Lê Thiện (nghệ sĩ),Bao giờ có yêu nhau,Chủ tiệm nước,actor
không tặc,Tử chiến trên không,Tú Trinh,actor
tâm lý,Tử chiến trên không,Bình,actor
Ái Phương,12 chòm sao: Vẽ đường cho yêu chạy,Bạn gái cũ của Huy số 1,actor
Ái Phương,Tía tui là cao thủ,Sương,actor
Hoàng Yến Chibi,Tháng năm rực rỡ,Hiểu Phương,actor
Hoàng Yến Chibi,Thất sơn tâm linh,Sỏi,actor
Anh Thư,Tháng năm rực rỡ,Tuyết Anh lúc trưởng thành (,actor
Anh Thư,Mười: Lời nguyền trở lại,Mười,actor
Anh Thư,Những cô gái chân dài,Thủy,actor
Anh Thư,Tuyết nhiệt đới,Hằng,actor
Vai diễn khách mời,Tháng năm rực rỡ,Mỹ Dung lúc trưởng thành,actor
Thanh Hằng,Tháng năm rực rỡ,Bảo Châu,actor
Thanh Hằng,Nụ hôn thần chết (phim),An,actor
Thanh Hằng,Nụ hôn thần chết,An,actor
Thanh Hằng,Mỹ nhân kế (phim),Kiều Thị,actor
Thanh Hằng,Những cô gái chân dài,Ngọc Mai,actor
Thanh Hằng,Chị chị em em,Thiên Kim,actor
Thanh Hằng,Tuyết nhiệt đới,Lam,actor
Mỹ Uyên,Tháng năm rực rỡ,Thùy Linh lúc trưởng thành,actor
Mỹ Uyên,Khi đàn ông có bầu,Bạn của Duyên,actor
Lan Hương (diễn viên sinh 1961),Tháng năm rực rỡ,bố của Hiểu Phương,actor
Lan Hương (diễn viên sinh 1961),Sống chung với mẹ chồng,Vũ Thị,actor
Lan Hương (diễn viên sinh 1961),Mùa ổi,Thủy (em gái của Hòa),actor
Đức Khuê,Tháng năm rực rỡ,bà của Hiểu Phương,actor
Đức Khuê,Em là bà nội của anh,ông Quang,actor
Đức Khuê,Hàng xóm (phim),Hà,actor
Hoàng Hải (diễn viên),Đường lên Điện Biên,Bà Mế Kế,actor
Hoàng Hải (diễn viên),Những người viết huyền thoại (phim),Tướng Lê Dinh (cảm hứng từ nhân vật lịch sử có thật -,actor
Hồng Đăng (diễn viên),"Zippo, mù tạt và em",Sơn,actor
Hồng Đăng (diễn viên),Mê cung (phim Việt Nam),Bà Loan (mẹ Đồng Vĩnh),actor
Hồng Đăng (diễn viên),Mê cung (phim truyền hình),Bà Loan (mẹ Đồng Vĩnh),actor
Đan Trường,Võ lâm truyền kỳ (phim),Thắng,actor
Chi Bảo,Võ lâm truyền kỳ (phim),Minh,actor
Chi Bảo,Khi đàn ông có bầu,Anh chàng xích lô,actor
Chi Bảo,Tình khúc bạch dương,Giám đốc,actor
Thanh Thảo (ca sĩ),Võ lâm truyền kỳ (phim),Nga,actor
Cát Phượng,Võ lâm truyền kỳ (phim),Anh chàng mập,actor
Marilyn Monroe,Võ lâm truyền kỳ (phim),Ông già nghiện game,actor
Michael Jackson,Võ lâm truyền kỳ (phim),Thủ lĩnh quân đội,actor
Khánh Nam (diễn viên),Võ lâm truyền kỳ (phim),Thủ lĩnh quân đội,actor
Charlie Chaplin,Võ lâm truyền kỳ (phim),Thủ lĩnh quân đội,actor
Minh Béo,Võ lâm truyền kỳ (phim),Thủ lĩnh quân đội,actor
Hữu Lộc,Võ lâm truyền kỳ (phim),Bác sĩ phụ khoa,actor
Hữu Lộc,Khi đàn ông có bầu,Ca sĩ,actor
đỏ,Võ lâm truyền kỳ (phim),Y tá thực tập,actor
Da cam,Võ lâm truyền kỳ (phim),Anh chàng sinh viên,actor
Phương Thanh,Nụ hôn thần chết (phim),Bà thầy bói,actor
Phương Thanh,Nhà có 5 nàng tiên,bà Tám,actor
Phương Thanh,Khi đàn ông có bầu,A Lìn,actor
Phương Thanh,Giải cứu thần chết,Cô giám thị (bóng ma học đường),actor
Phương Thanh,Chị trợ lý của anh,giám đốc nhân sự trong công ty của Phúc Nam,actor
Phương Thanh,Nụ hôn thần chết,Bà thầy bói,actor
Phương Thanh,"Hot boy nổi loạn và câu chuyện về thằng Cười, cô gái điếm và con vịt",Trần Thị Phước Hạnh,actor
Phương Thanh,Đẹp từng centimet,người đi đường,actor
Phương Thanh,Hot boy nổi loạn,Trần Thị Phước Hạnh,actor
Hương Giang (diễn viên),Nụ hôn thần chết (phim),Hoàng hậu Thần Chết,actor
Hương Giang (diễn viên),Giải cứu thần chết,Mẹ của Hà My,actor
Hương Giang (diễn viên),Giấc mơ của mẹ,Bà Ngọc,actor
Hương Giang (diễn viên),Nụ hôn thần chết,Hoàng hậu Thần Chết,actor
Vĩnh Thụy (diễn viên),Nụ hôn thần chết (phim),Romeo,actor
Vĩnh Thụy (diễn viên),Nụ hôn thần chết,Romeo,actor
Thủy Tiên (ca sĩ),Nụ hôn thần chết (phim),Juliet,actor
Thủy Tiên (ca sĩ),Nụ hôn thần chết,Juliet,actor
Thủy Tiên (ca sĩ),Đẹp từng centimet,cô gái chụp ảnh,actor
Trinh Hoan,Nụ hôn thần chết (phim),Công an,actor
Trinh Hoan,Giải cứu thần chết,Công an,actor
Trinh Hoan,Nụ hôn thần chết,Công an,actor
Lê Hóa,Nụ hôn thần chết (phim),Người đàn bà ở bến xe,actor
Lê Hóa,Nụ hôn thần chết,Người đàn bà ở bến xe,actor
Lê Quốc Nam,Nụ hôn thần chết (phim),Đạo diễn sân khấu,actor
Lê Quốc Nam,Nụ hôn thần chết,Đạo diễn sân khấu,actor
Nguyễn Quang Dũng (đạo diễn),Nụ hôn thần chết (phim),Thần chết,actor
Nguyễn Quang Dũng (đạo diễn),Nụ hôn thần chết,Thần chết,actor
Nguyễn Quang Dũng (đạo diễn),Đẹp từng centimet,đạo diễn Nguyễn Quang Dũng,actor
DJ,Nụ hôn thần chết (phim),Hồn ma,actor
DJ,Nụ hôn thần chết,Hồn ma,actor
Wanbi Tuấn Anh,Bóng ma học đường,Minh Quân,actor
Trương Quỳnh Anh,Bóng ma học đường,Thiên Kim,actor
Elly Trần,Bóng ma học đường,Nana Ly,actor
Elly Trần,Sài Gòn Yo!,Hoa,actor
Tim (ca sĩ),Bóng ma học đường,Jimmy Long,actor
Hiền Mai,Bóng ma học đường,mẹ của Thiên Kim,actor
Nhật Cường,Hoán đổi thân xác,quản lý Baby - vì muốn siêu mẫu Victoria Nguyễn của mình trở thành ca sĩ nổi tiếng nên đã tìm mua giọng hát của Trương Thế Vinh,actor
Nhật Cường,Năm sau con lại về,Lâm Cà Tủn,actor
Ngọc Oanh,Hoán đổi thân xác,Victoria Nguyễn - siêu mẫu xinh đẹp,actor
Long Đẹp Trai,Hoán đổi thân xác,Trung Nhạc Sĩ,actor
Linh Trung (diễn viên),Hoán đổi thân xác,bác sĩ 1,actor
Bạch Long (nghệ sĩ cải lương,Hoán đổi thân xác,bác sĩ 2,actor
Ba Luân,Hoán đổi thân xác,đàn em cà lăm của BangBang,actor
Dung Nhon,Hoán đổi thân xác,đàn em mập của BangBang,actor
Hải Triều (diễn viên),Hoán đổi thân xác,Ủn Ỉn,actor
Chiến,Hoán đổi thân xác,Tyason Võ,actor
Bá Nhân,Hoán đổi thân xác,gay 1,actor
Thanh Khang,Hoán đổi thân xác,gay 2,actor
Thiên Thủy (diễn viên),Hoán đổi thân xác,nữ nhà báo,actor
Thành Nam (diễn viên),Hoán đổi thân xác,bảo vệ Bystand,actor
Tân Trực,Hoán đổi thân xác,bảo vệ VNC 1,actor
Quang Khang,Hoán đổi thân xác,bảo vệ VNC 2,actor
Thanh Tâm (diễn viên),Hoán đổi thân xác,thư ký,actor
Thành Tài,Hoán đổi thân xác,đạo diễn catwalk,actor
Bé Vỹ,Hoán đổi thân xác,Trương Thế Vinh (lúc nhỏ),actor
Tùng Linh,Hoán đổi thân xác,biên tập Thái Hùng,actor
Phi Điểu,Hoán đổi thân xác,bà ngoại Trương Thế Vinh,actor
Phi Điểu,Lật mặt 7: Một điều ước,Bạn của bà Hai trong viện dưỡng lão,actor
Phi Điểu,Án mạng lầu 4,Bà Giáo,actor
Phi Điểu,Tuyết nhiệt đới,Sư Cô,actor
Công Huy,Hoán đổi thân xác,bé mập,actor
Long Ho,Hoán đổi thân xác,bảo vệ,actor
Cát Trắng,Hoán đổi thân xác,trọng tài,actor
Trịnh Kim Chi,Hello cô Ba,Bà Nguyên Sa,actor
Lương Thế Thành,Hello cô Ba,Trung Ninja,actor
Lương Thế Thành,Bay vào cõi mộng,Chí lì,actor
Phi Nhung,Hello cô Ba,Vợ Tùng đồ cổ (†),actor
Phi Nhung,Nhà có 5 nàng tiên,giám khảo cuộc thi hát,actor
Phạm Văn Mách,Hello cô Ba,Văn Giàu,actor
Việt Hương,Nhà có 5 nàng tiên,bà Mai,actor
Việt Hương,Tía tui là cao thủ,bà Nhã,actor
Việt Hương,Khi đàn ông có bầu,Y tá Hương,actor
Việt Hương,Ma da (phim),bà Lệ,actor
Việt Hương,Tuyết nhiệt đới,Thắm,actor
Minh Thảo,Nhà có 5 nàng tiên,Tiên Sa,actor
Bảo Anh (ca sĩ),Nhà có 5 nàng tiên,Tiên Hương,actor
Miu Lê,Nhà có 5 nàng tiên,Tiên Vân,actor
Miu Lê,Em là bà nội của anh,Thanh Nga (bà Đại lúc trẻ lại),actor
Miu Lê,Những thiên thần áo trắng,July Miu,actor
Hà Trí Quang,Nhà có 5 nàng tiên,Khanh,actor
Minh Luân,Nhà có 5 nàng tiên,Thắng,actor
Quốc Trường (diễn viên),Nhà có 5 nàng tiên,Bình,actor
Cát Tường (diễn viên),Nhà có 5 nàng tiên,bà Thu,actor
Cát Tường (diễn viên),Tía tui là cao thủ,bà Liên,actor
Cát Tường (diễn viên),Siêu lừa gặp siêu lầy,Khánh,actor
Thanh Bạch,Nhà có 5 nàng tiên,ông quản lý chợ,actor
Quốc Thuận,Nhà có 5 nàng tiên,"Tân ""áo dài""",actor
Quốc Thuận,Năm sau con lại về,tài xế taxi,actor
Quốc Thuận,Cột mốc 23,Bác sĩ Mạnh Linh,actor
Hứa Minh Đạt,Nhà có 5 nàng tiên,tài xế xe rác,actor
Hứa Minh Đạt,Năm sau con lại về,con trai ông Sang,actor
Quách Ngọc Tuyên,Nhà có 5 nàng tiên,người đi đường,actor
Quách Ngọc Tuyên,Lật Mặt 6: Tấm vé định mệnh,Đàn em của Hai Gà,actor
Quách Ngọc Tuyên,Lật mặt: 48h,A Huy,actor
Quách Ngọc Tuyên,Lật mặt 6: Tấm vé định mệnh,Đàn em của Hai Gà,actor
Nam Thư,Nhà có 5 nàng tiên,người đi đường,actor
Nam Thư,Lật mặt (phim),vợ Thắng,actor
Nam Thư,"Taxi, em tên gì?",bà bầu,actor
Nam Thư,Lật mặt,vợ Thắng,actor
Thanh Trúc,Năm sau con lại về,Thắm,actor
Trường Giang (nghệ sĩ),Năm sau con lại về,Mạnh Ruồi,actor
Trường Giang (nghệ sĩ),Lật mặt (phim),Toàn,actor
Trường Giang (nghệ sĩ),"Taxi, em tên gì?",Thượng Phong,actor
Trường Giang (nghệ sĩ),Lật mặt,Toàn,actor
Trường Giang (nghệ sĩ),Lật mặt 2: Phim trường,trò bạn diễn với Lý Hải ở,actor
Tiến Luật,Năm sau con lại về,ông chồng đi đường,actor
Hoài Lâm,Tía tui là cao thủ,Dũng,actor
Nguyễn Phi Hùng (ca sĩ),Khi đàn ông có bầu,Hùng,actor
Hồng Nga,Khi đàn ông có bầu,Bà Việt,actor
Trương Ngọc Ánh,Khi đàn ông có bầu,Kiều,actor
Trương Ngọc Ánh,Áo lụa Hà Đông (phim),Dần,actor
Bảo Chung,Khi đàn ông có bầu,Bảo,actor
Thúy Nga (nghệ sĩ),Khi đàn ông có bầu,Tú,actor
Hữu Nghĩa,Khi đàn ông có bầu,Nghĩa,actor
Kim Khánh (diễn viên),Khi đàn ông có bầu,Phượng,actor
quần vợt,Khi đàn ông có bầu,Người bán,actor
Anh Vũ (nghệ sĩ),Khi đàn ông có bầu,Người lượm banh tennis,actor
gà,Khi đàn ông có bầu,Ca sĩ Minh Thuận (†),actor
Hồng Tơ,Khi đàn ông có bầu,Ông quản gia,actor
Lý Hùng,Tây Sơn hào kiệt,Hoàng hậu Ý Bình,actor
Lý Hùng,Hai Cũ,Thắng lúc nhỏ,actor
Nguyễn Huệ,Tây Sơn hào kiệt,Lê Dũng,actor
Thùy Lâm,Tây Sơn hào kiệt,Công tử Bàng Quang,actor
Vĩnh Thuyên Kim,Bay vào cõi mộng,Thiên Kim,actor
Nikki Dương Nhật Vi,Bay vào cõi mộng,Bích Ngọc,actor
Kiều Oanh,Bay vào cõi mộng,Giáo sư Thủy Linh,actor
Lê Huỳnh,Bay vào cõi mộng,Ông Ẹ,actor
Lê Huỳnh,Thất sơn tâm linh,ông Bạc,actor
Tommy Ngô,Bay vào cõi mộng,Tony Đô,actor
Lynda Trang Đài,Bay vào cõi mộng,Linda,actor
Khánh Phương,Bay vào cõi mộng,Lâm công tử,actor
Hải Băng,Bay vào cõi mộng,"Thúy ""ngầu""",actor
Thu Tuyết,Bay vào cõi mộng,"Bà Chín ""còi tàu""",actor
Bùi Tấn Trường,Bay vào cõi mộng,Anh chàng bán dừa,actor
Harry Lu,Thần tượng (phim),Trí,actor
Harry Lu,Chàng trai năm ấy,bạn trai của Quang Huy,actor
Harry Lu,Em là bà nội của anh,chồng cũ của bà Đại,actor
Hoàng Thùy Linh,Thần tượng (phim),Thùy Linh,actor
Phạm Quỳnh Anh,Thần tượng (phim),mẹ của Trí,actor
Phạm Quỳnh Anh,Chàng trai năm ấy,Phạm Quỳnh Băng,actor
Phạm Quỳnh Anh,Người lắng nghe: Lời thì thầm,Phương Vy,actor
Phạm Quỳnh Anh,Em và Trịnh,Dao Ánh (thời trung niên),actor
Chi Pu,Thần tượng (phim),Minh Tú,actor
Chi Pu,Mười: Lời nguyền trở lại,Linh,actor
Chi Pu,Chị chị em em,Nhi,actor
Minh Hằng,Giải cứu thần chết,Phạm An An,actor
Minh Hằng,Chị chị em em 2,Đệ Nhất Mỹ nhân,actor
Minh Hằng,Bao giờ có yêu nhau,Linh và Phương,actor
Minh Hằng,Sắc đẹp ngàn cân (phim 2017),Hà My / Lily,actor
Chí Thiện (sinh năm 1988),Giải cứu thần chết,Thần chết Teen,actor
Tường Vi (diễn viên),Giải cứu thần chết,Xuân điệu,actor
Hồng Nhung,Giải cứu thần chết,Cô chủ nhiệm,actor
Hồng Nhung,Người Mỹ trầm lặng (phim 2002),Ca sĩ phòng trà,actor
Siu Black,Giải cứu thần chết,Cô giáo dạy thanh nhạc,actor
Nhan Phúc Vinh,Giải cứu thần chết,Thầy thể dục lúc trẻ,actor
Nhan Phúc Vinh,Giấc mơ của mẹ,Quang Minh,actor
Nhan Phúc Vinh,Đảo của dân ngụ cư,Miên,actor
Sơn Tùng M-TP,Chàng trai năm ấy,Đình Phong,actor
Thanh Nam,Em là bà nội của anh,ông Bé,actor
Thanh Nam,Sông dài (phim truyền hình),Bà,actor
Thanh Nam,"Sài Gòn, anh yêu em",ông Sáu Lương,actor
Thanh Nam,Sông dài (phim),Bà,actor
Lều Phương Anh,Em là bà nội của anh,Nhon,actor
Duy Khánh (diễn viên),Em là bà nội của anh,nam MC chương trình ca nhạc,actor
Duy Khánh (diễn viên),"Sài Gòn, anh yêu em",người mua kem trộn,actor
Đàm Phương Linh,Em là bà nội của anh,nữ MC chương trình ca nhạc,actor
Trọng Hiếu,Em là bà nội của anh,ông Bé lúc 20 tuổi,actor
Huỳnh Lập,Em là bà nội của anh,thanh niên xe bus 4,actor
Thảo Trang,Em là bà nội của anh,ca sĩ Bánh Bao,actor
Tăng Nhật Tuệ,Em là bà nội của anh,quản lý Bánh Bao,actor
Tăng Nhật Tuệ,Tiệm bánh Hoàng tử bé 2,Hoan,actor
Nguyễn Quang Dũng,Em là bà nội của anh,giám khảo 1,actor
Nguyễn Hải Phong,Em là bà nội của anh,giám khảo 2,actor
Uyên Linh,Em là bà nội của anh,giám khảo 3,actor
Đức Phúc,Chị trợ lý của anh,trợ lý của Phúc Nam,actor
Phan Mạnh Quỳnh,Chị trợ lý của anh,đồng nghiệp của giám đốc nhân sự trong công ty của Phúc Nam,actor
Võ Thành Tâm,Lật mặt (phim),Đức,actor
Võ Thành Tâm,Cột mốc 23,Quân,actor
Võ Thành Tâm,Tuyết nhiệt đới,Lương,actor
Võ Thành Tâm,Sinh mệnh (phim),"Linh ""gấu""",actor
Võ Thành Tâm,Lật mặt,Đức,actor
Võ Thành Tâm,Lật mặt: 48h,Hiền,actor
Trọng Hải,Lật mặt (phim),cảnh sát Tâm,actor
Trọng Hải,Lật mặt 7: Một điều ước,Sếp của Hai Khôn,actor
Trọng Hải,Lật mặt,cảnh sát Tâm,actor
Tiết Cương,Lật mặt (phim),Thắng,actor
Tiết Cương,Lật mặt 7: Một điều ước,Cương,actor
Tiết Cương,Người Mỹ trầm lặng (phim 2002),Cảnh sát,actor
Tiết Cương,Cột mốc 23,Thám tử tư,actor
Tiết Cương,Lật Mặt 6: Tấm vé định mệnh,anh Năm,actor
Tiết Cương,Lật mặt,Thắng,actor
Tiết Cương,Lật mặt 2: Phim trường,Tâm,actor
Tiết Cương,Lật mặt: 48h,Bạn chú Tư,actor
Tiết Cương,Lật mặt 6: Tấm vé định mệnh,anh Năm,actor
Đoan Trang,"Sài Gòn, anh yêu em",Tôn Nữ Yên Khuê,actor
Nhung Kate,Cô hầu gái,Linh,actor
Lê Hạ Anh,Tiệm bánh Hoàng tử bé 2,Pink,actor
Lê Hạ Anh,Lật mặt: 48h,Thảo,actor
Nguyễn Thùy Dương,Tiệm bánh Hoàng tử bé 2,Sao,actor
Công Dương,Tiệm bánh Hoàng tử bé 2,Kim,actor
Diễm My (diễn viên),Giấc mơ của mẹ,Trà My,actor
Ngọc Phước,Siêu lừa gặp siêu lầy,Mã Lai,actor
Trung Lùn,Siêu lừa gặp siêu lầy,chú Năm,actor
ảo thuật gia,Chuyện ma gần nhà,Bích,actor
nhà ngoại cảm,Chuyện ma gần nhà,bà Hằng,actor
Ngọc Hiệp (diễn viên),Chuyện ma gần nhà,Lâm,actor
Ngọc Hiệp (diễn viên),Đảo của dân ngụ cư,Xiếm Hoa,actor
Ngọc Hiệp (diễn viên),Tro tàn rực rỡ,Mẹ Dương,actor
Ngọc Hiệp (diễn viên),Đoạt hồn,Diệp,actor
ảo thuật,Chuyện ma gần nhà,Bà lão,actor
Trần Ngọc Trà,Chị chị em em 2,Đệ Nhị Mỹ nhân,actor
Ngọc Trinh (người mẫu),Chị chị em em 2,Hạnh,actor
Lê Thị Nhị,Chị chị em em 2,Bảy Dai,actor
Đinh Y Nhung,Lật mặt 7: Một điều ước,Ba Lành,actor
Đinh Y Nhung,Mười: Lời nguyền trở lại,Diệu,actor
Đinh Y Nhung,Thất sơn tâm linh,Múi (Nữ tay sai),actor
Thanh Thức,Lật mặt 7: Một điều ước,Danh,actor
Thanh Thức,Lật Mặt 6: Tấm vé định mệnh,An,actor
Thanh Thức,Lật mặt 6: Tấm vé định mệnh,An,actor
Mạnh Dung,Lật mặt 7: Một điều ước,Ông Tám Tàng (ba của Tư Thắm),actor
Mạnh Dung,Lật Mặt 6: Tấm vé định mệnh,Ba của Toàn,actor
Mạnh Dung,Lật mặt 6: Tấm vé định mệnh,Ba của Toàn,actor
Nam Cường (ca sĩ),Những thiên thần áo trắng,Bắc,actor
Mai Phương (diễn viên),Những thiên thần áo trắng,Mai,actor
Thanh Hoàng (nghệ sĩ),Những thiên thần áo trắng,Thầy tổ trưởng tổ vật lý,actor
Thanh Hoàng (nghệ sĩ),Như một huyền thoại,Cai Tổng Tòng,actor
Quang Tuấn,Tết ở làng địa ngục,Ông Thập,actor
Quang Tuấn,Tro tàn rực rỡ,Tam,actor
Quang Tuấn,Địa đạo: Mặt trời trong bóng tối,Tư Đạp,actor
Quang Tuấn,Thất sơn tâm linh,Lưu Huỳnh (Gã thầy bùa),actor
Quang Tuấn,Nghề siêu dễ (phim 2022),Mèo Giang Hồ,actor
Phú Đôn,Tết ở làng địa ngục,Lão Ăn Mày,actor
Chiều Xuân,Tết ở làng địa ngục,Bà Phong,actor
Chiều Xuân,Kẻ ăn hồn,bà Tám Kheo,actor
Chiều Xuân,Mùa ổi,vợ Luật sư,actor
Chiều Xuân,Hàng xóm (phim),Hương,actor
Chiều Xuân,Đèn âm hồn,Bà bán cá,actor
Võ Tấn Phát,Tết ở làng địa ngục,Tam Quỷ,actor
Võ Tấn Phát,Kẻ ăn hồn,Người kể chuyện (Tam Quỷ),actor
Võ Tấn Phát,Tiệm ăn của quỷ,Huy,actor
Ngọc Thư,Tết ở làng địa ngục,Bà Tư,actor
Ngọc Thư,Kẻ ăn hồn,Thị Khôi (mẹ kế của Phong),actor
Hoàng Hà (diễn viên),Kẻ ăn hồn,Cô Phong,actor
Hoàng Hà (diễn viên),Em và Trịnh,Dao Ánh (thời trẻ),actor
Đơn Dương (diễn viên),Đời cát,Cảnh,actor
Đơn Dương (diễn viên),Hai Cũ,Thắng,actor
Đơn Dương (diễn viên),Chuyện tình trong ngõ hẹp,Toàn,actor
Đơn Dương (diễn viên),Chúng tôi từng là lính,Thượng sĩ Basil Plumley,actor
Mai Hoa (diễn viên),Đời cát,Thoa,actor
Mai Hoa (diễn viên),Người Mỹ trầm lặng (phim 2002),Chị của Phượng,actor
Mai Hoa (diễn viên),Những cô gái chân dài,chị của Thủy,actor
Đỗ Nguyễn Lan Hà,Đời cát,bé Gianh,actor
Lý Hồng Ân,Người lắng nghe: Lời thì thầm,Thuỳ Dương,actor
Kiều Trinh,Người lắng nghe: Lời thì thầm,ba Thuỳ Dương,actor
Huy Cường,Người lắng nghe: Lời thì thầm,ông Phương,actor
Huy Cường,"Hot boy nổi loạn và câu chuyện về thằng Cười, cô gái điếm và con vịt",Cướp của Long,actor
Huy Cường,Hot boy nổi loạn,Cướp của Long,actor
Phúc An,Người lắng nghe: Lời thì thầm,ba Tường Minh,actor
Huy Khang,Người lắng nghe: Lời thì thầm,mẹ Tường Minh,actor
Trần Lực,Em và Trịnh,Trịnh Công Sơn (thời trung niên),actor
Trần Lực,Mùa ổi,chồng Thùy,actor
Thanh Thúy (ca sĩ sinh 1943),Em và Trịnh,ca sĩ,actor
Bùi Lan Hương,Em và Trịnh,Ông Ngô Đốc Khánh,actor
Khánh Ly,Em và Trịnh,Mẹ của Diễm & Ánh,actor
Quỳnh Lam,Luật trời,Ông,actor
Lương Bích Hữu,Án mạng lầu 4,Đình Đình,actor
Lê Công Hoàng (diễn viên),Án mạng lầu 4,Giang,actor
Lê Công Hoàng (diễn viên),Tro tàn rực rỡ,Dương,actor
Lê Công Hoàng (diễn viên),Cha và con và...,Vũ,actor
Việt Trinh,Người đẹp Tây Đô,Trần Định,actor
Phạm Hồng Phước,Đảo của dân ngụ cư,Phước,actor
Ngọc Thanh Tâm,Đảo của dân ngụ cư,Chu,actor
Hoàng Phúc,Đảo của dân ngụ cư,Ông chủ,actor
Hoàng Nhân,Đảo của dân ngụ cư,Ahmed NSƯT,actor
Tô Văn Đực,Địa đạo: Mặt trời trong bóng tối,chú Sáu,actor
Lý Huỳnh,Hai Cũ,Hai Cũ,actor
Thương Tín (diễn viên),Hai Cũ,Tám Kỷ,actor
Thương Tín (diễn viên),Đoạt hồn,ông Thảo,actor
Thương Tín (diễn viên),Cu li không bao giờ khóc,ông Sinh (bố của Quang),actor
Phương Thanh (diễn viên),Hai Cũ,Yến,actor
Thùy Liên,Hai Cũ,Vợ Hai Cũ,actor
Khương Mễ,Hai Cũ,Bí thư Huyện ủy,actor
Lê Văn Lộc (diễn viên),Xích lô (phim),Xích Lô,actor
Lương Triều Vĩ,Xích lô (phim),Nhà Thơ,actor
Trần Nữ Yên Khê,Xích lô (phim),Chị,actor
Như Quỳnh (diễn viên),Xích lô (phim),Bà Chủ,actor
Như Quỳnh (diễn viên),Áo lụa Hà Đông (phim),Bà Phán,actor
Như Quỳnh (diễn viên),Những cô gái chân dài,mẹ của Ngọc,actor
Như Quỳnh (diễn viên),Người trở về,Mẹ San,actor
Như Quỳnh (diễn viên),Chuyện của Pao,bà Kía,actor
Ngô Vũ Quang Hải,Xích lô (phim),Dao,actor
Nguyễn Tuyết Ngân,Xích lô (phim),Người Phụ Nữ Hạnh Phúc,actor
Đoàn Việt Hà,Xích lô (phim),Người Phụ Nữ U Sầu,actor
Bùi Hoàng Huy,Xích lô (phim),Đứa Con Điên,actor
Võ Vĩnh Phúc,Xích lô (phim),Bạn Của Xích Lô,actor
Lê Đình Huy,Xích lô (phim),Người Ông,actor
Phạm Ngọc Liễu,Xích lô (phim),Em Gái,actor
Lê Tuấn Anh (diễn viên),Xích lô (phim),Người Đàn Ông Bị Còng Tay,actor
Bùi Thị Minh Đức,Xích lô (phim),Mẹ Của Nhà Thơ,actor
Trịnh Thịnh,Xích lô (phim),Người Bái Vật Chân,actor
Nguyễn Đình Thơ,Xích lô (phim),Ba Của Nhà Thơ,actor
Việt Thắng (diễn viên),Xích lô (phim),Cảnh Sát Kiểm Tra Chất Kích Thích Cocaine,actor
Thanh Lam,Xích lô (phim),Ca Sĩ,actor
Gia Khoan,Xích lô (phim),Quan Chức Chính Phủ,actor
Huang Kiem,Xích lô (phim),Người Đàn Ông Ở TAK-47,actor
Chu Hùng,Xích lô (phim),Kẻ Cướp Tiền,actor
Mạnh Cường,Xích lô (phim),Người Đàn Ông Trong Quán Rượu,actor
Trần Quốc Hùng,Xích lô (phim),Khỉ Đột,actor
Võ Thế Vỹ,Xích lô (phim),Sách Vũ Công 2,actor
Trương Thanh Nghi,Xích lô (phim),Nạn Nhân Của Bài Hát Ru,actor
Phạm Hải Trường,Xích lô (phim),Trưởng Sứ Mệnh Cho Gạo,actor
Ánh Hoa,Xích lô (phim),Người Hầu Của Ông Chủ,actor
Trần Lộc,Xích lô (phim),Lính Cứu Hỏa,actor
Trần Minh Tuấn (diễn viên),Xích lô (phim),Ông Già,actor
Nguyễn Văn Tùng (diễn viên),Xích lô (phim),Người Bán Xăng Dầu,actor
Phạm Duy Hương,Xích lô (phim),Ông Già,actor
Lê Thái Ngọc Hoan,Xích lô (phim),Đứa Trẻ Ở Đài Phun Nước,actor
Bá Phan Châu Toàn,Xích lô (phim),Khách Hàng Ngủ Trưa,actor
Đặng Minh Châu (diễn viên),Xích lô (phim),Bạn Của Xích Lô,actor
Trần Văn Lợi,Xích lô (phim),Bạn Của Xích Lô,actor
Lê Anh Sơn,Xích lô (phim),Bạn Của Xích Lô,actor
Phạm Văn Nhân (diễn viên),Xích lô (phim),Người Bị Bệnh Đậu Mùa,actor
Đặng Văn Đức,Xích lô (phim),Người Bị Bệnh Đậu Mùa,actor
Trần Nhật Vũ,Xích lô (phim),Người Bị Bệnh Đậu Mùa,actor
Nguyễn Hữu Châu (quần chúng),Xích lô (phim),Người Bị Bệnh Đậu Mùa Những nhân vật trên đều không có tên chỉ gọi theo hành động,actor
Trương Minh Quốc Thái,Người đàn bà yếu đuối,Phát,actor
Trương Minh Quốc Thái,Những người viết huyền thoại (phim),Nghĩa,actor
Trương Minh Quốc Thái,Người trở về,Quang,actor
Trương Minh Quốc Thái,Thạch Thảo (phim),Sơn (bố Thảo),actor
Michael Caine,Người Mỹ trầm lặng (phim 2002),Thomas Fowler,actor
Brendan Fraser,Người Mỹ trầm lặng (phim 2002),Alden Pyle,actor
Đỗ Thị Hải Yến,Người Mỹ trầm lặng (phim 2002),Phượng,actor
Đỗ Thị Hải Yến,Cha và con và...,Vân,actor
Đỗ Thị Hải Yến,Chuyện của Pao,Pao,actor
Rade Šerbedžija,Người Mỹ trầm lặng (phim 2002),Thanh tra Vigot,actor
Ngô Quang Hải,Người Mỹ trầm lặng (phim 2002),Tướng Thế,actor
Công Lý (diễn viên),Người Mỹ trầm lặng (phim 2002),Lính Việt Nam,actor
Hồ Bích Trâm,Sài Gòn Yo!,Con gái ông giáo sư,actor
Mai Ngô,Sài Gòn Yo!,Thành viên nhóm Saigon Fresh,actor
Mai Ngô,Thạch Thảo (phim),cô giáo Mi Ngor,actor
File:LÊ PHƯƠNG 2023.jpg,Vong nhi,Thảo,actor
Lê Phương,Vong nhi,Tùng,actor
Nhật Kim Anh,Vong nhi,bà Thuận,actor
Nhật Kim Anh,Long thành cầm giả ca (phim),Thầy Nguyễn,actor
Nhật Kim Anh,Lưới trời (phim 2020),Ông Kiên,actor
Yu Dương,Lời nguyền huyết ngải,Chiêu Dương,actor
Trung Dũng (diễn viên),Lạc giới,Trung,actor
Trung Dũng (diễn viên),Lật Mặt 6: Tấm vé định mệnh,Khanh,actor
Trung Dũng (diễn viên),Lưới trời (phim 2020),Bà Đằng,actor
Trung Dũng (diễn viên),Lật mặt 6: Tấm vé định mệnh,Khanh,actor
Trung Dũng (diễn viên),Giọt máu vô hình,Ông,actor
Mai Thu Huyền,Lạc giới,Kim,actor
Cẩm Ly,Ma da (phim),cô Lài,actor
Lê Minh Thu,Như một huyền thoại,Bà Năm Hợi,actor
Võ Thị Sáu,Như một huyền thoại,Ông Năm Hợi,actor
Robert Hải,Như một huyền thoại,Vợ Cai Tổng Tòng,actor
Tăng Thanh Hà,Mỹ nhân kế (phim),Linh Lan,actor
Tăng Thanh Hà,Đẹp từng centimet,Ngô Đồng,actor
Bảo Thanh (diễn viên),Sống chung với mẹ chồng,Hoàng,actor
Bảo Thanh (diễn viên),Những người viết huyền thoại (phim),Long,actor
Bảo Thanh (diễn viên),Vào Nam ra Bắc,Nụ,actor
Kiều Chinh,Đoạt hồn,bà Linh,actor
Nguyễn Minh Trang,Đoạt hồn,bà Quyên,actor
Nhung Kate (diễn viên),Đoạt hồn,Tuyết,actor
Suboi,Đoạt hồn,Hương,actor
Thùy Anh,Đập cánh giữa không trung,Huyền,actor
Thanh Duy,Đập cánh giữa không trung,Linh,actor
Quốc Khánh (nghệ sĩ),Áo lụa Hà Đông (phim),Gù,actor
Tú Trinh,Áo lụa Hà Đông (phim),Bà Tám,actor
Tất Bình,Áo lụa Hà Đông (phim),Ông Phán,actor
Hà Kiều Anh,Áo lụa Hà Đông (phim),Nhài,actor
Lương Mạnh Hải,"Hot boy nổi loạn và câu chuyện về thằng Cười, cô gái điếm và con vịt",Lam,actor
Lương Mạnh Hải,Tuyết nhiệt đới,Hải,actor
Lương Mạnh Hải,Đẹp từng centimet,Quang Hy,actor
Lương Mạnh Hải,Hot boy nổi loạn,Lam,actor
Hồ Vĩnh Khoa,"Hot boy nổi loạn và câu chuyện về thằng Cười, cô gái điếm và con vịt",Khôi,actor
Hồ Vĩnh Khoa,Hot boy nổi loạn,Khôi,actor
Thiên Kim (diễn viên),"Hot boy nổi loạn và câu chuyện về thằng Cười, cô gái điếm và con vịt",Chủ vựa ve chai,actor
Thiên Kim (diễn viên),Tuyết nhiệt đới,Hàng Xóm,actor
Thiên Kim (diễn viên),Hot boy nổi loạn,Chủ vựa ve chai,actor
Nhã Phương,Song song (phim),Trang,actor
Bảo Trúc,Cột mốc 23,Nhã Trang,actor
Diễm Châu,Cột mốc 23,Hoa,actor
Mạnh Hùng,Cột mốc 23,Người đàn ông ma,actor
Vy Oanh,Vali tình yêu,Nhi,actor
Thảo Trang (diễn viên),Vali tình yêu,Cô gái,actor
Diệp Bảo Ngọc,Lật Mặt 6: Tấm vé định mệnh,Liên,actor
Diệp Bảo Ngọc,Lật mặt 6: Tấm vé định mệnh,Liên,actor
Phạm Trưởng,Lật Mặt 6: Tấm vé định mệnh,Khách hàng bất động sản,actor
Phạm Trưởng,Lật mặt 6: Tấm vé định mệnh,Khách hàng bất động sản,actor
Ốc Thanh Vân,Lật Mặt 6: Tấm vé định mệnh,Nhân viên công ty xổ số,actor
Ốc Thanh Vân,Lật mặt: 48h,Nga,actor
Ốc Thanh Vân,Lật mặt 6: Tấm vé định mệnh,Nhân viên công ty xổ số,actor
Minh Anh (diễn viên),Những cô gái chân dài,Hoàng,actor
Dương Yến Ngọc,Những cô gái chân dài,Bảo Ngọc,actor
Tống Bạch Thủy,Những cô gái chân dài,Hà,actor
Ngọc Nga,Những cô gái chân dài,Ngọc Nga,actor
Trương Thanh Long,Những cô gái chân dài,Khoa,actor
Hải Đông,Những cô gái chân dài,Đông Hải,actor
Thanh Thúy (diễn viên sinh 1982),Những cô gái chân dài,học sinh,actor
Như Cầm,Những cô gái chân dài,học sinh,actor
Lãnh Thanh,Chị chị em em,Huy,actor
Angela Phương Trinh,"Taxi, em tên gì?",Bình Chi,actor
Thanh Thúy (sinh 1982),"Taxi, em tên gì?",nữ ca sĩ,actor
Nguyễn Du,Long thành cầm giả ca (phim),Thùy Trung Hầu,actor
Thanh Hoài (nghệ sĩ chèo),Long thành cầm giả ca (phim),Ông lão kéo vó,actor
Nguyễn Vinh Sơn,Tuyết nhiệt đới,Ông Hòa,actor
Bùi Bài Bình,Mùa ổi,Hòa,actor
Hoàng Yến (diễn viên),Mùa ổi,bà Thìn,actor
Nguyễn Thị Thu An,Mùa ổi,Bà bán vàng mã,actor
Tuấn Dương,Mùa ổi,Tự vệ dân phố,actor
Việt Anh (diễn viên),Chỉ có thể là yêu (phim Việt Nam),Ngọc,actor
Bích Ngọc,Tình yêu dối lừa,Ông,actor
Bích Ngọc,Thạch Thảo (phim),Thảo,actor
Kiều Thanh,Sinh mệnh (phim),Nga,actor
Nguyễn Kim Trang,Sinh mệnh (phim),O Lợi,actor
Thanh Thủy (diễn viên sinh năm 1937),Sinh mệnh (phim),Mẹ Linh,actor
Kiến An (diễn viên),Lật mặt: 48h,Ông Khanh,actor
Nguyệt Hằng,Hàng xóm (phim),Hằng,actor
Diệu Thuần,Hàng xóm (phim),Thúy An,actor
Quang Tèo,Đèn âm hồn,Bà bán mít,actor
Thu Hương,Đèn âm hồn,Thầy pháp,actor
Thanh Quý,Chuyện tình trong ngõ hẹp,Sinh (mẹ Hà),actor
Vũ Hà (ca sĩ),Chuyện tình trong ngõ hẹp,Cường (với,actor
danh đề,Chuyện tình trong ngõ hẹp,ông Dần,actor
Mel Gibson,Chúng tôi từng là lính,Trung tá,actor
Harold G. Moore,Chúng tôi từng là lính,Julia Moore,actor
Madeleine Stowe,Chúng tôi từng là lính,Trung tá,actor
Nguyễn Hữu An,Chúng tôi từng là lính,Thiếu tá Bruce P,actor
Sam Elliott,Chúng tôi từng là lính,Thiếu úy Jack Geoghegan,actor
Greg Kinnear,Chúng tôi từng là lính,Barbara Geoghegan,actor
Chris Klein,Chúng tôi từng là lính,Joseph L,actor
Keri Russell,Chúng tôi từng là lính,Thiếu úy Henry Herrick,actor
Barry Pepper,Chúng tôi từng là lính,Trung sĩ Ernie Savage,actor
Marc Blucas,Chúng tôi từng là lính,Đại úy Tony Nadal,actor
Ryan Hurst,Chúng tôi từng là lính,Đại úy Matt Dillon,actor
Jsu Garcia,Chúng tôi từng là lính,Đại úy Tom Metsker,actor
Jon Hamm,Chúng tôi từng là lính,Bill Beck,actor
Clark Gregg,Chúng tôi từng là lính,người lính Quân đội Nhân dân Việt Nam,actor
Đinh Đức Thiện,Những người viết huyền thoại (phim),Y tá Mai,actor
Lã Thanh Huyền,Người trở về,Mây,actor
Tiến Lộc (diễn viên),Người trở về,San,actor
Dũng Nhi,Người trở về,Ông Ba (bố Mây),actor
Thiện Tùng,Người trở về,Phán,actor
Tùng Maru,Thạch Thảo (phim),Thạch,actor
Khánh Như,Thạch Thảo (phim),Thảo lúc nhỏ,actor
Lê Khắc Minh,Thạch Thảo (phim),thầy giáo Thiết,actor
Lâm Văn Quốc,Thạch Thảo (phim),Kiên,actor
Phương Quỳnh,Thạch Thảo (phim),Đoan Trang,actor
Nguyễn Gia Linh,Thạch Thảo (phim),Diệu Hiền,actor
Gina M,Thạch Thảo (phim),Thùy Mỵ,actor
Kang Phạm,Thạch Thảo (phim),Ngọc,actor
Bạch Tuyết (nghệ sĩ cải lương),Thạch Thảo (phim),hiệu trưởng Châu,actor
Phạm Thị Ngọc Trinh,Thạch Thảo (phim),Trinh (mẹ Thảo),actor
Hoa Thúy,Chuyện của Pao,bà Sim,actor
Đức Sơn (diễn viên),Ba lẻ một,Uyên,actor
Đức Sơn (diễn viên),Vào Nam ra Bắc,Quang (già),actor
Minh Châu (diễn viên),Ba lẻ một,Trung,actor
Minh Châu (diễn viên),Cu li không bao giờ khóc,bà Nguyện,actor
Cao Minh Đạt,Ba lẻ một,Tâm,actor
Lê Hồng Quang (diễn viên),Vào Nam ra Bắc,Quang (trẻ),actor
Nguyễn Vĩnh Xương,Vào Nam ra Bắc,Tiến,actor
Quốc Tuấn (diễn viên),Vào Nam ra Bắc,Tiểu đội trưởng,actor
Quốc Tuấn (diễn viên),Cu li không bao giờ khóc,đồng nghiệp cũ của bà Nguyện,actor
Hoàng Lan (diễn viên),Vào Nam ra Bắc,Cô giáo,actor
Trần Hạnh,Vào Nam ra Bắc,Ông Bình,actor
ếch,Rừng thế mạng,Khanh,actor
thác,Rừng thế mạng,bố của Kiên,actor
Rocker Nguyen,Sắc đẹp ngàn cân (phim 2017),Duy Khang,actor
