source,target,school
Trấn Thành,Lê Dương Bảo Lâm,Trường Đại học Sân khấu – Điện ảnh Thành phố Hồ Chí Minh
Trấn Thành,Ninh Dương Lan Ngọc,Trường Đại học Sân khấu – Điện ảnh Thành phố Hồ Chí Minh
Trấn Thành,Phương Anh Đào,Trường Đại học Sân khấu – Điện ảnh Thành phố Hồ Chí Minh
Trấn Thành,Oanh Kiều,Trường Đại học Sân khấu – Điện ảnh Thành phố Hồ Chí Minh
Trấn Thành,Lâm Vỹ Dạ,Trường Đại học Sân khấu – Điện ảnh Thành phố Hồ Chí Minh
Trấn Thành,Huy Khánh,Trường Đại học Sân khấu – Điện ảnh Thành phố Hồ Chí Minh
Trấn Thành,Văn Phượng,Trường Đại học Sân khấu – Điện ảnh Thành phố Hồ Chí Minh
Trấn Thành,Quỳnh Lam,Trường Đại học Sân khấu – Điện ảnh Thành phố Hồ Chí Minh
Trấn Thành,Yeye Nhật Hạ,Trường Đại học Sân khấu – Điện ảnh Thành phố Hồ Chí Minh
Trấn Thành,Lê Huỳnh Thúy Ngân,Trường Đại học Sân khấu – Điện ảnh Thành phố Hồ Chí Minh
Trấn Thành,Nhã Phương (diễn viên),Trường Đại học Sân khấu – Điện ảnh Thành phố Hồ Chí Minh
Trấn Thành,Lê Phương,Trường Đại học Sân khấu – Điện ảnh Thành phố Hồ Chí Minh
Trấn Thành,Quốc Huy (diễn viên),Trường Đại học Sân khấu – Điện ảnh Thành phố Hồ Chí Minh
Ninh Dương Lan Ngọc,Oanh Kiều,Trường Đại học Sân khấu – Điện ảnh Thành phố Hồ Chí Minh
Ninh Dương Lan Ngọc,Lê Dương Bảo Lâm,Trường Đại học Sân khấu – Điện ảnh Thành phố Hồ Chí Minh
Ninh Dương Lan Ngọc,Phương Anh Đào,Trường Đại học Sân khấu – Điện ảnh Thành phố Hồ Chí Minh
Ninh Dương Lan Ngọc,Lâm Vỹ Dạ,Trường Đại học Sân khấu – Điện ảnh Thành phố Hồ Chí Minh
Ninh Dương Lan Ngọc,Huy Khánh,Trường Đại học Sân khấu – Điện ảnh Thành phố Hồ Chí Minh
Ninh Dương Lan Ngọc,Văn Phượng,Trường Đại học Sân khấu – Điện ảnh Thành phố Hồ Chí Minh
Ninh Dương Lan Ngọc,Quỳnh Lam,Trường Đại học Sân khấu – Điện ảnh Thành phố Hồ Chí Minh
Ninh Dương Lan Ngọc,Yeye Nhật Hạ,Trường Đại học Sân khấu – Điện ảnh Thành phố Hồ Chí Minh
Ninh Dương Lan Ngọc,Lê Huỳnh Thúy Ngân,Trường Đại học Sân khấu – Điện ảnh Thành phố Hồ Chí Minh
Ninh Dương Lan Ngọc,Nhã Phương (diễn viên),Trường Đại học Sân khấu – Điện ảnh Thành phố Hồ Chí Minh
Ninh Dương Lan Ngọc,Lê Phương,Trường Đại học Sân khấu – Điện ảnh Thành phố Hồ Chí Minh
Kiều Minh Tuấn,Khương Ngọc,Trường Đại học Sân khấu - Điện ảnh Thành phố Hồ Chí Minh
Kiều Minh Tuấn,Vân Trang,Trường Đại học Sân khấu - Điện ảnh Thành phố Hồ Chí Minh
Kiều Minh Tuấn,Hạnh Thúy,Trường Đại học Sân khấu - Điện ảnh Thành phố Hồ Chí Minh
Kiều Minh Tuấn,Ốc Thanh Vân,Trường Đại học Sân khấu - Điện ảnh Thành phố Hồ Chí Minh
Kiều Minh Tuấn,Diệu Nhi,Trường Đại học Sân khấu - Điện ảnh Thành phố Hồ Chí Minh
Lê Bê La,Lương Thế Thành,*Trường Đại học Sân khấu - Điện ảnh Thành phố Hồ Chí Minh
Khương Ngọc,Vân Trang,Trường Đại học Sân khấu - Điện ảnh Thành phố Hồ Chí Minh
Khương Ngọc,Hạnh Thúy,Trường Đại học Sân khấu - Điện ảnh Thành phố Hồ Chí Minh
Khương Ngọc,Ốc Thanh Vân,Trường Đại học Sân khấu - Điện ảnh Thành phố Hồ Chí Minh
Khương Ngọc,Diệu Nhi,Trường Đại học Sân khấu - Điện ảnh Thành phố Hồ Chí Minh
Vân Trang,Hạnh Thúy,Trường Đại học Sân khấu - Điện ảnh Thành phố Hồ Chí Minh
Vân Trang,Ốc Thanh Vân,Trường Đại học Sân khấu - Điện ảnh Thành phố Hồ Chí Minh
Vân Trang,Diệu Nhi,Trường Đại học Sân khấu - Điện ảnh Thành phố Hồ Chí Minh
Hari Won,Ngọc Diệp,"Trường Đại học Khoa học Xã hội và Nhân văn, Đại học Quốc gia Thành phố Hồ Chí Minh"
Hari Won,Đinh Ngọc Diệp,"Trường Đại học Khoa học Xã hội và Nhân văn, Đại học Quốc gia Thành phố Hồ Chí Minh"
Uyển Ân,Ngọc Thanh Tâm,Đại học RMIT
Lê Dương Bảo Lâm,Huy Khánh,Trường Đại học Sân khấu – Điện ảnh Thành phố Hồ Chí Minh
Lê Dương Bảo Lâm,Phương Anh Đào,Trường Đại học Sân khấu – Điện ảnh Thành phố Hồ Chí Minh
Lê Dương Bảo Lâm,Oanh Kiều,Trường Đại học Sân khấu – Điện ảnh Thành phố Hồ Chí Minh
Lê Dương Bảo Lâm,Lâm Vỹ Dạ,Trường Đại học Sân khấu – Điện ảnh Thành phố Hồ Chí Minh
Lê Dương Bảo Lâm,Văn Phượng,Trường Đại học Sân khấu – Điện ảnh Thành phố Hồ Chí Minh
Lê Dương Bảo Lâm,Quỳnh Lam,Trường Đại học Sân khấu – Điện ảnh Thành phố Hồ Chí Minh
Lê Dương Bảo Lâm,Yeye Nhật Hạ,Trường Đại học Sân khấu – Điện ảnh Thành phố Hồ Chí Minh
Lê Dương Bảo Lâm,Lê Huỳnh Thúy Ngân,Trường Đại học Sân khấu – Điện ảnh Thành phố Hồ Chí Minh
Lê Dương Bảo Lâm,Nhã Phương (diễn viên),Trường Đại học Sân khấu – Điện ảnh Thành phố Hồ Chí Minh
Lê Dương Bảo Lâm,Lê Phương,Trường Đại học Sân khấu – Điện ảnh Thành phố Hồ Chí Minh
Lê Dương Bảo Lâm,Quốc Huy (diễn viên),Trường Đại học Sân khấu – Điện ảnh Thành phố Hồ Chí Minh
Phương Anh Đào,Huy Khánh,Trường Đại học Sân khấu – Điện ảnh Thành phố Hồ Chí Minh
Phương Anh Đào,Oanh Kiều,Trường Đại học Sân khấu – Điện ảnh Thành phố Hồ Chí Minh
Phương Anh Đào,Lâm Vỹ Dạ,Trường Đại học Sân khấu – Điện ảnh Thành phố Hồ Chí Minh
Phương Anh Đào,Văn Phượng,Trường Đại học Sân khấu – Điện ảnh Thành phố Hồ Chí Minh
Phương Anh Đào,Quỳnh Lam,Trường Đại học Sân khấu – Điện ảnh Thành phố Hồ Chí Minh
Phương Anh Đào,Yeye Nhật Hạ,Trường Đại học Sân khấu – Điện ảnh Thành phố Hồ Chí Minh
Phương Anh Đào,Lê Huỳnh Thúy Ngân,Trường Đại học Sân khấu – Điện ảnh Thành phố Hồ Chí Minh
Phương Anh Đào,Nhã Phương (diễn viên),Trường Đại học Sân khấu – Điện ảnh Thành phố Hồ Chí Minh
Phương Anh Đào,Lê Phương,Trường Đại học Sân khấu – Điện ảnh Thành phố Hồ Chí Minh
Phương Anh Đào,Quốc Huy (diễn viên),Trường Đại học Sân khấu – Điện ảnh Thành phố Hồ Chí Minh
Ngọc Diệp,Đinh Ngọc Diệp,"Trường Đại học Khoa học Xã hội và Nhân văn, Đại học Quốc gia Thành phố Hồ Chí Minh"
Oanh Kiều,Văn Phượng,Trường Đại học Sân khấu – Điện ảnh Thành phố Hồ Chí Minh
Oanh Kiều,Lâm Vỹ Dạ,Trường Đại học Sân khấu – Điện ảnh Thành phố Hồ Chí Minh
Oanh Kiều,Huy Khánh,Trường Đại học Sân khấu – Điện ảnh Thành phố Hồ Chí Minh
Oanh Kiều,Quỳnh Lam,Trường Đại học Sân khấu – Điện ảnh Thành phố Hồ Chí Minh
Oanh Kiều,Yeye Nhật Hạ,Trường Đại học Sân khấu – Điện ảnh Thành phố Hồ Chí Minh
Oanh Kiều,Lê Huỳnh Thúy Ngân,Trường Đại học Sân khấu – Điện ảnh Thành phố Hồ Chí Minh
Oanh Kiều,Nhã Phương (diễn viên),Trường Đại học Sân khấu – Điện ảnh Thành phố Hồ Chí Minh
Oanh Kiều,Lê Phương,Trường Đại học Sân khấu – Điện ảnh Thành phố Hồ Chí Minh
Oanh Kiều,Quốc Huy (diễn viên),Trường Đại học Sân khấu – Điện ảnh Thành phố Hồ Chí Minh
Hạnh Thúy,Ốc Thanh Vân,Trường Đại học Sân khấu - Điện ảnh Thành phố Hồ Chí Minh
Hạnh Thúy,Diệu Nhi,Trường Đại học Sân khấu - Điện ảnh Thành phố Hồ Chí Minh
Nguyễn Quang Hiếu,Hồ Ngọc Hà,Trường Đại học Văn hóa - Nghệ thuật Quân đội
Quang Thắng,Quỳnh Kool,Trường Đại học Sân khấu và Điện ảnh Hà Nội
Quang Thắng,Công Lý (diễn viên),Trường Đại học Sân khấu và Điện ảnh Hà Nội
Lâm Vỹ Dạ,Huy Khánh,Trường Đại học Sân khấu – Điện ảnh Thành phố Hồ Chí Minh
Lâm Vỹ Dạ,Văn Phượng,Trường Đại học Sân khấu – Điện ảnh Thành phố Hồ Chí Minh
Lâm Vỹ Dạ,Quỳnh Lam,Trường Đại học Sân khấu – Điện ảnh Thành phố Hồ Chí Minh
Lâm Vỹ Dạ,Yeye Nhật Hạ,Trường Đại học Sân khấu – Điện ảnh Thành phố Hồ Chí Minh
Lâm Vỹ Dạ,Lê Huỳnh Thúy Ngân,Trường Đại học Sân khấu – Điện ảnh Thành phố Hồ Chí Minh
Lâm Vỹ Dạ,Nhã Phương (diễn viên),Trường Đại học Sân khấu – Điện ảnh Thành phố Hồ Chí Minh
Lâm Vỹ Dạ,Lê Phương,Trường Đại học Sân khấu – Điện ảnh Thành phố Hồ Chí Minh
Lâm Vỹ Dạ,Quốc Huy (diễn viên),Trường Đại học Sân khấu – Điện ảnh Thành phố Hồ Chí Minh
Huy Khánh,Quỳnh Lam,Trường Đại học Sân khấu – Điện ảnh Thành phố Hồ Chí Minh
Huy Khánh,Văn Phượng,Trường Đại học Sân khấu – Điện ảnh Thành phố Hồ Chí Minh
Huy Khánh,Yeye Nhật Hạ,Trường Đại học Sân khấu – Điện ảnh Thành phố Hồ Chí Minh
Huy Khánh,Lê Huỳnh Thúy Ngân,Trường Đại học Sân khấu – Điện ảnh Thành phố Hồ Chí Minh
Huy Khánh,Nhã Phương (diễn viên),Trường Đại học Sân khấu – Điện ảnh Thành phố Hồ Chí Minh
Huy Khánh,Lê Phương,Trường Đại học Sân khấu – Điện ảnh Thành phố Hồ Chí Minh
Ái Phương,Bạch Công Khanh,Trường Đại học Mở Thành phố Hồ Chí Minh
Thu Quỳnh,Tú Oanh,Trường Đại học Sân khấu – Điện ảnh Hà Nội
Thu Quỳnh,Đỗ Duy Nam,Trường Đại học Sân khấu – Điện ảnh Hà Nội
Thùy Anh,Lương Mạnh Hải,Học viện Ngân hàng
Việt Anh (diễn viên),Nguyễn Lê Việt Anh,*Trường Đại học Kinh tế Quốc dân
Tú Oanh,Đỗ Duy Nam,Trường Đại học Sân khấu – Điện ảnh Hà Nội
Tú Oanh,Bảo Thanh (diễn viên),Trường Đại học Sân khấu – Điện ảnh Hà Nội
Văn Phượng,Quỳnh Lam,Trường Đại học Sân khấu – Điện ảnh Thành phố Hồ Chí Minh
Văn Phượng,Yeye Nhật Hạ,Trường Đại học Sân khấu – Điện ảnh Thành phố Hồ Chí Minh
Văn Phượng,Lê Huỳnh Thúy Ngân,Trường Đại học Sân khấu – Điện ảnh Thành phố Hồ Chí Minh
Văn Phượng,Nhã Phương (diễn viên),Trường Đại học Sân khấu – Điện ảnh Thành phố Hồ Chí Minh
Văn Phượng,Lê Phương,Trường Đại học Sân khấu – Điện ảnh Thành phố Hồ Chí Minh
Văn Phượng,Quốc Huy (diễn viên),Trường Đại học Sân khấu – Điện ảnh Thành phố Hồ Chí Minh
Ốc Thanh Vân,Diệu Nhi,Trường Đại học Sân khấu - Điện ảnh Thành phố Hồ Chí Minh
Quỳnh Lam,Yeye Nhật Hạ,Trường Đại học Sân khấu – Điện ảnh Thành phố Hồ Chí Minh
Quỳnh Lam,Lê Huỳnh Thúy Ngân,Trường Đại học Sân khấu – Điện ảnh Thành phố Hồ Chí Minh
Quỳnh Lam,Nhã Phương (diễn viên),Trường Đại học Sân khấu – Điện ảnh Thành phố Hồ Chí Minh
Quỳnh Lam,Lê Phương,Trường Đại học Sân khấu – Điện ảnh Thành phố Hồ Chí Minh
Quỳnh Lam,Quốc Huy (diễn viên),Trường Đại học Sân khấu – Điện ảnh Thành phố Hồ Chí Minh
Yeye Nhật Hạ,Lê Huỳnh Thúy Ngân,Trường Đại học Sân khấu – Điện ảnh Thành phố Hồ Chí Minh
Yeye Nhật Hạ,Nhã Phương (diễn viên),Trường Đại học Sân khấu – Điện ảnh Thành phố Hồ Chí Minh
Yeye Nhật Hạ,Lê Phương,Trường Đại học Sân khấu – Điện ảnh Thành phố Hồ Chí Minh
Yeye Nhật Hạ,Quốc Huy (diễn viên),Trường Đại học Sân khấu – Điện ảnh Thành phố Hồ Chí Minh
Mỹ Chi,Phương Mỹ Chi,Trường Đại học Swinburne Việt Nam
Lê Huỳnh Thúy Ngân,Nhã Phương (diễn viên),Trường Đại học Sân khấu – Điện ảnh Thành phố Hồ Chí Minh
Lê Huỳnh Thúy Ngân,Lê Phương,Trường Đại học Sân khấu – Điện ảnh Thành phố Hồ Chí Minh
Lê Huỳnh Thúy Ngân,Quốc Huy (diễn viên),Trường Đại học Sân khấu – Điện ảnh Thành phố Hồ Chí Minh
Đỗ Duy Nam,Bảo Thanh (diễn viên),Trường Đại học Sân khấu – Điện ảnh Hà Nội
Nhã Phương (diễn viên),Lê Phương,Trường Đại học Sân khấu – Điện ảnh Thành phố Hồ Chí Minh
Nhã Phương (diễn viên),Quốc Huy (diễn viên),Trường Đại học Sân khấu – Điện ảnh Thành phố Hồ Chí Minh
Quang Anh,Thanh Lam,Học viện Âm nhạc Quốc gia Việt Nam
Lê Tuấn Anh (diễn viên sinh 1968),Lê Tuấn Anh (diễn viên),Trường Điện ảnh Thành phố Hồ Chí Minh
