person_id,name,birth_date,birth_place,occupation,education,nationality,dân tộc,active_years,height,spouse,children,relatives,notable_works
Trấn Thành,Trấn Thành,birth_date,"Thành phố Hồ Chí Minh, Việt Nam","Diễn viên, Nghệ sĩ hài, Người dẫn chương trình, Doanh nhân, Nhà làm phim",Trường Đại học Sân khấu – Điện ảnh Thành phố Hồ Chí Minh,Việt Nam,ethnicity,2006–nay,"1,71m",Hari Won (2016),,* Huỳnh Trinh Mi ((em gái)) * Huỳnh Uyển Ân ((em gái)),Danh sách
Ninh Dương Lan Ngọc,Ninh Dương Lan Ngọc,birth_date,"Thành phố Hồ Chí Minh, Việt Nam",Diễn viên,Trường Đại học Sân khấu – Điện ảnh Thành phố Hồ Chí Minh,Việt Nam,ethnicity,2009–nay,,,,,
Ngô Thanh Vân,Ngô Thanh Vân,birth_date,"Hòa Ân, Cầu Kè, Trà Vinh, Việt Nam","Diễn viên, Ca sĩ, Người mẫu, Vũ công, Nhà làm phim, Doanh nhân",,Na Uy,ethnicity,1999–nay,"1,71m",Huy Trần (2022),1,,
Hồng Đào,Hồng Đào,birth_date,"Buôn Ma Thuột, Đắk Lắk, Việt Nam Cộng hòa",Diễn viên,,,ethnicity,1981nay,,Quang Minh (1995),2,,
Kiều Minh Tuấn,Kiều Minh Tuấn,birth_date,"Thành phố Hồ Chí Minh, Việt Nam",Diễn viên,Trường Đại học Sân khấu - Điện ảnh Thành phố Hồ Chí Minh,Việt Nam,ethnicity,2010 – nay,"1,74m",,,,
Victor Vũ,Victor Vũ,birth_date,"Bắc Hollywood, Los Angeles, California, Mỹ",Nhà làm phim,,"Hoa Kỳ, Việt Nam",ethnicity,1997–nay,,Đinh Ngọc Diệp (2016),2,,
Charlie Nguyễn,Charlie Nguyễn,birth_date,"Sài Gòn, Việt Nam Cộng hòa",Nhà làm phim,,"Hoa Kỳ, Việt Nam",ethnicity,1988–nay,,Diane Nguyễn (1995),1,* Johnny Trí Nguyễn ((em trai)) * Tawny Trúc Nguyễn ((em gái)) * Nguyễn Chánh Tín ((cháu ruột)),
Vũ Ngọc Đãng,Vũ Ngọc Đãng,birth_date,"Thái Bình, Việt Nam Dân chủ Cộng hòa","Đạo diễn phim, Nhà biên kịch phim, Nhà sản xuất phim",Đại học Sân khấu - Điện ảnh TP HCM,Việt Nam,ethnicity,2001 - nay,,,,,''Bỗng dưng muốn khóc'' ''Hot boy nổi loạn'' ''Vừa đi vừa khóc'' ''Khi con là nhà'' ''Bố già'' ''Chị chị em em 2'' ''Con Nhót Mót Chồng'' ''Cô dâu hào môn''
Kaity Nguyễn,Kaity Nguyễn,birth_date,"Thành phố Hồ Chí Minh, Việt Nam","Diễn viên, Người mẫu",,,ethnicity,2017–nay,,,,,
Jun Vũ,Jun Vũ,birth_date,"Hà Nội, Việt Nam",*Diễn viên *Người dẫn chương trình *Người mẫu,,Việt Nam,ethnicity,,"1,6m",,,,
Mạnh Trường,Mạnh Trường,birth_date,"Hà Nội, Việt Nam","Diễn viên, Người mẫu",,Việt Nam,ethnicity,2001 – nay,"1,82m",,3,,
Phương Oanh (diễn viên),Phương Oanh (diễn viên),birth_date,"Phủ Lý, Hà Nam Ninh, Việt Nam","Diễn viên, Người mẫu, Ca sĩ",,Việt Nam,ethnicity,2012nay,"1,67m",Nguyễn Hòa Bình (2023),2,,
Bảo Thy,Bảo Thy,birth_date,"Thành phố Hồ Chí Minh, Việt Nam","Ca sĩ, Nhạc sĩ, Diễn viên",,Việt Nam,ethnicity,2006–nay,"1,66m",Nguyễn Phan Lĩnh (2019),1,,
Yến Trang,Yến Trang,birth_date,"Thành phố Hồ Chí Minh, Việt Nam",Ca sĩ Diễn viên người dẫn chương trình,,Việt Nam,ethnicity,2000nay,,,,,
Hoài Linh,Hoài Linh,birth_date,"Cam Ranh, Khánh Hòa, Việt Nam Cộng hòa","Diễn viên, Nghệ sĩ hài",,Việt Nam,ethnicity,1987–nay,,Lê Thanh Hương (1996),2,* Phương Trang ((em gái)) * Dương Triệu Vũ ((em trai)) * Hoài Lâm ((con nuôi)),
Tấn Beo,Tấn Beo,birth_date,"Thành phố Hồ Chí Minh, Việt Nam",Diễn viên,,Việt Nam,ethnicity,,,Phùng Thị Dung (1993),3,Tấn Bo (em trai),
Chí Tài,Chí Tài,birth_date,"Phú Nhuận, Gia Định, Việt Nam Cộng hòa","Diễn viên, Ca sĩ, Nhạc sĩ, Nhạc công",,,ethnicity,1976 – 2020,,Phương Loan (1987),,,
Mạnh Tràng,Mạnh Tràng,birth_date,"Long An, Việt Nam Cộng hòa","Diễn viên hài, diễn viên điện ảnh, diễn viên sân khấu kịch",,Việt Nam,ethnicity,,,,,,
Hiếu Hiền,Hiếu Hiền,birth_date,"Thành phố Hồ Chí Minh, Việt Nam","Diễn viên hài, Diễn viên điện ảnh, MC",,Việt Nam,ethnicity,2003 – nay,,,,,
Khổng Tú Quỳnh,Khổng Tú Quỳnh,birth_date,"Thành phố Hồ Chí Minh, Việt Nam","Ca sĩ, Diễn viên",,Việt Nam,ethnicity,2005nay,,,,,
Hoàng Sơn (diễn viên),Hoàng Sơn (diễn viên),birth_date,"Thủ Dầu Một, Bình Dương, Việt Nam Cộng hòa",Diễn viên,,,ethnicity,1985 - nay,,,,,
Chí Thiện (ca sĩ),Chí Thiện (ca sĩ),birth_date,"Thành phố Hồ Chí Minh, Việt Nam","Ca sĩ, Diễn viên, MC",,Việt Nam,ethnicity,2008 – nay,,,,,
Ưng Hoàng Phúc,Ưng Hoàng Phúc,birth_date,"Kiến An, Chợ Mới, An Giang, Việt Nam","Ca sĩ, Diễn viên, Vũ công",,Việt Nam,ethnicity,2000–nay,,Võ Kim Cương (2018),2,,
Đông Nhi,Đông Nhi,birth_date,"Hà Nội, Việt Nam","Ca sĩ, Nhạc sĩ, Diễn viên, Nhà sản xuất thu âm",* Trường Trung học phổ thông Marie Curie * Nhạc viện Thành phố Hồ Chí Minh,Việt Nam,ethnicity,2008–nay,"1,66m",Ông Cao Thắng (2019),2,,Danh sách
Noo Phước Thịnh,Noo Phước Thịnh,birth_date,"Thành phố Hồ Chí Minh, Việt Nam","Ca sĩ, Diễn viên, Vũ công",,Việt Nam,ethnicity,2008–nay,"1,72m",,,,
Ngô Kiến Huy,Ngô Kiến Huy,birth_date,"Thành phố Hồ Chí Minh, Việt Nam","Ca sĩ, Diễn viên, Người dẫn chương trình",,Việt Nam,ethnicity,2008–nay,"1,75m",,1,,
Phước Sang,Phước Sang,birth_date,"Sài Gòn, Việt Nam Cộng hòa","Diễn viên, Nhà sản xuất điện ảnh",,Việt Nam,ethnicity,,,Kim Thư (2007),2,,
Việt Anh (nghệ sĩ),Việt Anh (nghệ sĩ),birth_date,"Sài Gòn, Việt Nam Cộng hòa",Diễn viên,,Việt Nam,ethnicity,,,,1,,
Tuyết Thu,Tuyết Thu,birth_date,"Sài Gòn, Việt Nam Cộng hòa",Diễn viên,,,ethnicity,2002&ndash;nay,,,,,
Bảo Quốc,Bảo Quốc,birth_date,,Diễn viên,,Việt Nam,ethnicity,,,Nguyễn Ngọc Thu Thủy,Hồng Loan,,
hủ tiếu,hủ tiếu,birth_date,,,,,ethnicity,,,,,,
Phi Phụng,Phi Phụng,birth_date,"Trà Vinh, Việt Nam Cộng hòa","Diễn viên truyền hình, Diễn viên điện ảnh, Diễn viên kịch nói, Diễn viên hài",,Việt Nam,ethnicity,,"1,55m","''Không rõ tên'' , (cưới 1984, mất 2017)","Phi Hạt, Phi Mí, Sáu Chôm, Tư Nước",,
Phương Trinh Jolie,Phương Trinh Jolie,birth_date,,,,,ethnicity,,,,,,
Tấn Bo,Tấn Bo,birth_date,"Sài Gòn, Việt Nam cộng hòa",Diễn viên,,Việt Nam,ethnicity,1998nay,,Xuân Nhi (1999),4,Tấn Beo (anh trai),
Kim Ngọc (nghệ sĩ),Kim Ngọc (nghệ sĩ),birth_date,"Thủ Đức, Gia Định, Liên bang Đông Dương",Nghệ sĩ,,Việt Nam,ethnicity,,,Đức Lang,Hiếu Hiền,,"Hoa Mộc Lan tùng chinh, Hàn Mặc Tử, Kiều Nguyệt Nga, Hoa hậu vũ trụ, Bà ngoại thời @, Câu chuyện cái tivi"
Isaac (ca sĩ),Isaac (ca sĩ),birth_date,"Cần Thơ, Việt Nam","Ca sĩ, Diễn viên",,Việt Nam,ethnicity,,"1,72m",,,,
Dương Cẩm Lynh,Dương Cẩm Lynh,birth_date,"Long Khánh, Đồng Nai, Việt Nam",Diễn viên,,Việt Nam,ethnicity,1999–nay,"1,65m",Phạm Việt Anh Khoa (2014),2,,
Anh Tú (sinh 1993),Anh Tú (sinh 1993),birth_date,"Hà Nội, Việt Nam","Diễn viên, Ca sĩ",Trường Đại học Sân khấu – Điện ảnh Thành phố Hồ Chí Minh,,ethnicity,2012–nay,"1,73m","Diệu Nhi, 2022",,,
Mạc Văn Khoa,Mạc Văn Khoa,birth_date,"Chí Linh, Hải Dương, Việt Nam","Diễn viên, Nghệ sĩ hài",,,ethnicity,2015 – nay,"1,75m",Thảo Vy (2020),1,,
Khả Như,Khả Như,birth_date,"Ngã Bảy, Hậu Giang, Việt Nam","Diễn viên, Người dẫn chương trình",,Việt Nam,ethnicity,,"1,60m",,,,
Hữu Châu,Hữu Châu,birth_date,"Sài Gòn, Việt Nam Cộng hòa",Diễn viên,,Việt Nam,ethnicity,,,,,,
Lê Giang (nghệ sĩ),Lê Giang (nghệ sĩ),birth_date,"Vĩnh Long, Việt Nam Cộng hòa","Diễn viên, Nghệ sĩ hài, Nghệ sĩ cải lương",,Việt Nam,ethnicity,1987–nay,,"Duy Phương (1992), Đã kết hôn (2009)",3,,Danh sách
Quang Minh - Hồng Đào,Quang Minh - Hồng Đào,birth_date,,,,,ethnicity,,,,,,
Trung Dân,Trung Dân,birth_date,"Nhị Bình, Hóc Môn, Gia Định, Việt Nam Cộng hòa",Diễn viên,,Việt Nam,ethnicity,,,Phạm Thị Phương,2,,
Hari Won,Hari Won,birth_date,"Seoul, Hàn Quốc","Ca sĩ, Diễn viên, Người dẫn chương trình","Trường Đại học Khoa học Xã hội và Nhân văn, Đại học Quốc gia Thành phố Hồ Chí Minh",Việt Nam,ethnicity,2012 – nay,"1,68m",Trấn Thành (2016),,,
Thuận Hoàng,Thuận Hoàng,birth_date,,,,,ethnicity,,,,,,
Hoàng Thanh Mai,Hoàng Thanh Mai,birth_date,,,,,ethnicity,,,,,,
Tuấn Trần,Tuấn Trần,birth_date,"Thành phố Hồ Chí Minh, Việt Nam","Diễn viên, Người mẫu",,Việt Nam,ethnicity,"2010, 2015–nay","1,86m",,,,
Ngân Chi,Ngân Chi,birth_date,"Thành phố Hồ Chí Minh, Việt Nam",Diễn viên nhí,,Việt Nam,ethnicity,2016 – nay,,,,,
Ngọc Giàu,Ngọc Giàu,birth_date,"Thủ Thiêm, Gia Định, Nam Kỳ, Liên bang Đông Dương","Diễn viên, Nghệ sĩ cải lương",,Việt Nam,ethnicity,1956 – nay,,,,,
Lan Phương,Lan Phương,birth_date,"Hà Nội, Việt Nam","Diễn viên, Người dẫn chương trình","*Trường Đại học Ngoại thương cơ sở II, Thành phố Hồ Chí Minh *Trường Đại học Sân khấu - Điện ảnh Thành phố Hồ Chí Minh",Việt Nam,ethnicity,2003 – nay,,David Duffy (2018),2,,
Nguyễn Minh Tú,Nguyễn Minh Tú,birth_date,"Thành phố Hồ Chí Minh, Việt Nam","Người mẫu, Nhân vật truyền hình",,Việt Nam,ethnicity,2010–nay,"1,78m",Christopher Schnieders (2024),,,
Xuân Nghị,Xuân Nghị,birth_date,"Khánh Hòa, Việt Nam","Diễn viên, Diễn viên hài",,Việt Nam,ethnicity,2010 &ndash; nay,,,,,
Mai Trần,Mai Trần,birth_date,"Trà Vinh, Quốc gia Việt Nam",Diễn viên,,"((trước 1975)), ((hiện tại))",ethnicity,,,,,,
Trúc Nhân,Trúc Nhân,birth_date,"Hoài Nhơn, Bình Định, Việt Nam",Ca sĩ,Đại học Văn Lang,Việt Nam,ethnicity,2012–nay,,,,,
Lê Dương Bảo Lâm,Lê Dương Bảo Lâm,birth_date,"Đồng Nai, Việt Nam","Diễn viên, Nghệ sĩ hài, Người dẫn chương trình",Trường Đại học Sân khấu – Điện ảnh Thành phố Hồ Chí Minh,Việt Nam,ethnicity,2010–nay,"1,74m",Tạ Thị Quỳnh Anh (Quỳnh Quỳnh) (2017),"3 (Bảo Nhi, Bảo Ngọc, Kuphin)",,
Diệu Nhi,Diệu Nhi,birth_date,"Bình Thuận, Việt Nam","Diễn viên, Nghệ sĩ hài, Người dẫn chương trình",Trường Đại học Sân khấu - Điện ảnh Thành phố Hồ Chí Minh,Việt Nam,ethnicity,2008nay,,Anh Tú Atus (2022),,,
Bà Tân Vlog,Bà Tân Vlog,birth_date,,,,,ethnicity,,,,,,
Lê Giang,Lê Giang,birth_date,"Vĩnh Long, Việt Nam Cộng hòa","Diễn viên, Nghệ sĩ hài, Nghệ sĩ cải lương",,Việt Nam,ethnicity,1987–nay,,"Duy Phương (1992), Đã kết hôn (2009)",3,,Danh sách
Uyển Ân,Uyển Ân,birth_date,"Thành phố Hồ Chí Minh, Việt Nam",Diễn viên,Đại học RMIT,Việt Nam,ethnicity,2017–nay,,,,* Huỳnh Trấn Thành ((anh trai)) * Huỳnh Trinh Mi ((chị gái)),
Song Luân,Song Luân,birth_date,"Đồng Nai, Việt Nam","Diễn viên, Ca sĩ",,Việt Nam,ethnicity,,"1,81m",,,,
Công Ninh,Công Ninh,birth_date,"Sài Gòn, Việt Nam Cộng hòa",Diễn viên,Học viện Kỹ thuật điện ảnh Leningrad,Việt Nam,ethnicity,1990 – nay,,Tuyết Vân (2013),1,,
Ngân Quỳnh,Ngân Quỳnh,birth_date,"Sài Gòn, Việt Nam Cộng hòa","Nghệ sĩ cải lương, Diễn viên",,Việt Nam,ethnicity,2002 - nay,,,,,
Băng Di,Băng Di,birth_date,"Thành phố Hồ Chí Minh, Việt Nam","Diễn viên, Ca sĩ, Người mẫu",,Việt Nam,ethnicity,2008–nay,,,,,
bác Ba Phi,bác Ba Phi,birth_date,,,,,ethnicity,,,,,,
nói dối,nói dối,birth_date,,,,,ethnicity,,,,,,
Hứa Vĩ Văn,Hứa Vĩ Văn,birth_date,"Thành phố Hồ Chí Minh, Việt Nam","Diễn viên, Người mẫu, Ca sĩ",,Việt Nam,ethnicity,2000nay,"1,75m",,,,
Mai Tài Phến,Mai Tài Phến,birth_date,"Bạc Liêu, Việt Nam",Diễn viên,,Việt Nam,ethnicity,2017–nay,,,,,
Huỳnh Đông,Huỳnh Đông,birth_date,"Thành phố Hồ Chí Minh, Việt Nam",Diễn viên,,Việt Nam,ethnicity,2004 &ndash; nay,,Ái Châu (2015),1,,
Hồng Ánh,Hồng Ánh,birth_date,"Trà Vinh, Việt Nam (nay là tỉnh Vĩnh Long)",Diễn viên,,Việt Nam,ethnicity,1995–nay,,Nguyễn Thanh Sơn (2009),,,
Phương Anh Đào,Phương Anh Đào,birth_date,"Cà Mau,name=cm Việt Nam",Diễn viên,Trường Đại học Sân khấu – Điện ảnh Thành phố Hồ Chí Minh,Việt Nam,ethnicity,2014–nay,,,,,
Hồng Đào (diễn viên),Hồng Đào (diễn viên),birth_date,"Buôn Ma Thuột, Đắk Lắk, Việt Nam Cộng hòa",Diễn viên,,,ethnicity,1981nay,,Quang Minh (1995),2,,
Trần Tiểu Vy,Trần Tiểu Vy,birth_date,"Hội An, Quảng Nam, Việt Nam","Người mẫu, Nhân vật truyền hình, Diễn viên",* Trường Trung học phổ thông Trần Quý Cáp (Quảng Nam) * Trường Trung học phổ thông Vạn Hạnh (TPHCM) * Trường Đại học Sư phạm Kỹ thuật Thành phố Hồ Chí Minh,Việt Nam,ethnicity,2018–nay,"1,75m",,,,
Thanh Hằng (nghệ sĩ cải lương),Thanh Hằng (nghệ sĩ cải lương),birth_date,"Sài Gòn, Việt Nam Cộng hòa","Nghệ sĩ cải lương, Diễn viên điện ảnh, Diễn viên truyền hình",,Việt Nam,ethnicity,1975 – nay,,,,,
Nguyễn Cao Kỳ Duyên (người mẫu),Nguyễn Cao Kỳ Duyên (người mẫu),birth_date,"Thành phố Nam Định, Nam Định, Việt Nam","Người mẫu, Nhân vật truyền hình, Diễn viên",* Trường THPT chuyên Lê Hồng Phong (Nam Định) * Trường Đại học Ngoại thương,Việt Nam,ethnicity,2014–nay,"1,76m",,,Nguyễn Tuấn Linh ((anh trai)),
Quân A.P,Quân A.P,birth_date,"Hà Nội, Việt Nam",Ca sĩ,*Trường Trung học Phổ thông Phan Đình Phùng (Hà Nội) *Trường Đại học Văn hóa - Nghệ thuật Quân đội,Việt Nam,ethnicity,2019–nay,,,,,
Thái Hòa (diễn viên),Thái Hòa (diễn viên),birth_date,"Sài Gòn, Việt Nam Cộng hòa",Diễn viên,,Việt Nam,ethnicity,1998–nay,,"Cát Phượng (2004), Hồng Thu (2012)",2,,
Tinna Tình,Tinna Tình,birth_date,"Brno, Séc","Ca sĩ, Nhạc sĩ, Diễn viên, Người mẫu",,Việt Nam,ethnicity,2000 - nay,,,,,
Phi Thanh Vân,Phi Thanh Vân,birth_date,,"Diễn viên, người mẫu, ca sĩ, MC, Hoa hậu",,,ethnicity,2007 &ndash; nay,,*Thierry Blanc (2008) *Nguyễn Bảo Duy (2014),1,,
Khương Ngọc,Khương Ngọc,birth_date,"Nha Trang, Khánh Hòa, Việt Nam","Diễn viên, Người dẫn chương trình, Nhạc sĩ, Ca sĩ, Nhà làm phim",Trường Đại học Sân khấu - Điện ảnh Thành phố Hồ Chí Minh,Việt Nam,ethnicity,2003–nay,"1,8m",Hải Yến (2022),1,,
Mai Thành,Mai Thành,birth_date,"An Ngãi Trung, Bến Tre, Liên bang Đông Dương",Diễn viên,,,ethnicity,1986 - 2011,,,,,
Nguyễn Hậu,Nguyễn Hậu,birth_date,"Sa Đéc, Đồng Tháp, Quốc gia Việt Nam",Diễn viên,,Việt Nam,ethnicity,1974 – 2018,,,,,
Quốc Huy (diễn viên),Quốc Huy (diễn viên),birth_date,"Cần Thơ, Việt Nam",Diễn viên,Trường Đại học Sân khấu – Điện ảnh Thành phố Hồ Chí Minh,Việt Nam,ethnicity,2006–nay,,,,,
Jayvee Mai Thế Hiệp,Jayvee Mai Thế Hiệp,birth_date,"Biên Hòa, Đồng Nai, Việt Nam Cộng hòa","Diễn viên, Đạo diễn, Nhà biên kịch, Nhà sản xuất",,,ethnicity,1996 – nay,,,,,
Thanh Bùi,Thanh Bùi,birth_date,"Adelaide, Victoria, Úc","Ca sĩ, Nhạc sĩ sáng tác ca khúc, Nhà sản xuất thu âm",,,ethnicity,2004nay,,Trương Huệ Vân (2013),2,,
Johnny Trí Nguyễn,Johnny Trí Nguyễn,birth_date,"Bình Dương, Việt Nam Cộng hòa","Diễn viên, Võ sư",,"Hoa Kỳ, Việt Nam",ethnicity,1994–nay,,Cathy Việt Thi (2000),2,* Charlie Nguyễn ((anh trai)) * Tawny Trúc Nguyễn ((em gái)) * Nguyễn Chánh Tín ((cháu ruột)),
Yaya Trương Nhi,Yaya Trương Nhi,birth_date,,,,,ethnicity,,,,,,
Thân Thúy Hà,Thân Thúy Hà,birth_date,"Cái Bè, Tiền Giang","Diễn viên, người mẫu",,,ethnicity,2004 – nay,,,,,
Ngọc Diệp,Ngọc Diệp,birth_date,"Thành phố Hồ Chí Minh, Việt Nam","Diễn viên, Người mẫu, Người dẫn chương trình, Nhà báo, Nhà sản xuất điện ảnh","Trường Đại học Khoa học Xã hội và Nhân văn, Đại học Quốc gia Thành phố Hồ Chí Minh",Việt Nam,ethnicity,2006–nay,,Victor Vũ (2016),2,,
Mai Thế Hiệp,Mai Thế Hiệp,birth_date,"Biên Hòa, Đồng Nai, Việt Nam Cộng hòa","Diễn viên, Đạo diễn, Nhà biên kịch, Nhà sản xuất",,,ethnicity,1996 – nay,,,,,
Dustin Nguyễn,Dustin Nguyễn,birth_date,"Sài Gòn, Việt Nam Cộng hòa","Diễn viên, Nhà làm phim",,"Hoa Kỳ, Việt Nam",ethnicity,1985–nay,,* Angela Rockwood (2001) * Bebe Phạm (2012),4,,
Thu Trang,Thu Trang,birth_date,"Thành phố Hồ Chí Minh, Việt Nam","Diễn viên, Nhà sản xuất phim, Đạo diễn",,Việt Nam,ethnicity,,,Tiến Luật (2011),1,,
Kim Xuân,Kim Xuân,birth_date,,Diễn viên điện ảnh,,Việt Nam,ethnicity,1970 – nay,,,,,
Thụy Mười,Thụy Mười,birth_date,,,,,ethnicity,,,,,,
365daband,365daband,birth_date,,,,,ethnicity,,,,,,
Võ Ngọc Trai,Võ Ngọc Trai,birth_date,"Thành phố Hồ Chí Minh, Việt Nam","Diễn viên, MC",,Việt Nam,ethnicity,2001 – nay,,,,,
S.T Sơn Thạch,S.T Sơn Thạch,birth_date,Thành phố Hồ Chí Minh,"Ca sĩ, diễn viên",,Việt Nam,ethnicity,,,,,,
Jun Phạm,Jun Phạm,birth_date,"Thành phố Hồ Chí Minh, Việt Nam","Ca sĩ, Diễn viên, Nhà văn, Người dẫn chương trình",Trường Đại học Kinh tế Thành phố Hồ Chí Minh,Việt Nam,ethnicity,2010–nay,"1,75m",,,,
Thành Lộc,Thành Lộc,birth_date,"Sài Gòn, Việt Nam Cộng hòa","Diễn viên, Doanh nhân, Đạo diễn sân khấu",,Việt Nam,ethnicity,,,,,,
Hồng Vân (diễn viên),Hồng Vân (diễn viên),birth_date,"Từ Sơn, Bắc Ninh, Việt Nam Dân chủ Cộng hòa","Diễn viên, Đạo diễn sân khấu, Nhà sản xuất, Doanh nhân",,Việt Nam,ethnicity,1989 – nay,,Lê Tuấn Anh (2005),3,,Danh sách
Diễm My 9x,Diễm My 9x,birth_date,"Thành phố Hồ Chí Minh, Việt Nam","Diễn viên, Người mẫu, Người dẫn chương trình","Trường Đại học Ngoại thương cơ sở II, Thành phố Hồ Chí Minh",Việt Nam,ethnicity,"1995 – 1998, 2005 – nay",,Vinh Nguyễn (2023),1,,
Diễm My,Diễm My,birth_date,,Diễn viên,,,ethnicity,,,,,,
Oanh Kiều,Oanh Kiều,birth_date,"Đà Lạt, Lâm Đồng, Việt Nam",Diễn viên,Trường Đại học Sân khấu – Điện ảnh Thành phố Hồ Chí Minh,Việt Nam,ethnicity,2011–nay,,,,,
Vũ Hà Anh,Vũ Hà Anh,birth_date,,,,,ethnicity,,,,,,
Lê Khanh,Lê Khanh,birth_date,,"Diễn viên sân khấu, diễn viên điện ảnh, diễn viên truyền hình, đạo diễn, người mẫu",,Việt Nam,ethnicity,1970 – nay,,Phạm Việt Thanh,,,
Lê Xuân Tiền,Lê Xuân Tiền,birth_date,,,,,ethnicity,,,,,,
Bình An (diễn viên),Bình An (diễn viên),birth_date,"Thanh Ba, Phú Thọ, Việt Nam","Diễn viên, Người mẫu",,Việt Nam,ethnicity,2014–nay,"1,82m",Bùi Phương Nga (2022),,,
Khương Lê,Khương Lê,birth_date,,,,,ethnicity,,,,,,
Hoàng Dũng,Hoàng Dũng,birth_date,"Hà Nội, Việt Nam Dân chủ Cộng hòa",Diễn viên sân khấu,,Việt Nam,ethnicity,1983 – 2021,,,,,
Lê Khánh,Lê Khánh,birth_date,"Bến Tre, Việt Nam","Diễn viên, Người dẫn chương trình",,Việt Nam,ethnicity,,,Nguyễn Tuấn Khải (2014),2,,
Huỳnh Kiến An,Huỳnh Kiến An,birth_date,"Sài Gòn, Việt Nam Cộng hòa",Diễn viên,,,ethnicity,2004 - nay,,,,,
Anh Dũng (diễn viên),Anh Dũng (diễn viên),birth_date,"Thái Nguyên, Việt Nam",Diễn viên,,Việt Nam,ethnicity,2011 – nay,,,,,
Hạnh Thúy,Hạnh Thúy,birth_date,"Bến Tre, Việt Nam","Diễn viên, Đạo diễn sân khấu, Nhà biên kịch",Trường Đại học Sân khấu - Điện ảnh Thành phố Hồ Chí Minh,Việt Nam,ethnicity,1997 – nay,,Phan Nhất Phương,2,,
TyhD Thùy Dương,TyhD Thùy Dương,birth_date,,,,,ethnicity,,,,,,
Đế quốc thực dân Pháp,Đế quốc thực dân Pháp,birth_date,,,,,ethnicity,,,,,,
gái mại dâm,gái mại dâm,birth_date,,,,,ethnicity,,,,,,
Nguyễn Chánh Tín,Nguyễn Chánh Tín,birth_date,,"Diễn viên, Đạo diễn, Người dẫn chương trình",,Việt Nam,ethnicity,1973 – 2019,,,,,
Nguyễn Văn Đây,Nguyễn Văn Đây,birth_date,,,,,ethnicity,,,,,,
Nguyễn Thắng,Nguyễn Thắng,birth_date,"Thành phố Hồ Chí Minh, Việt Nam","Ca sĩ, diễn viên",,Hoa Kỳ,ethnicity,,,,,,
Stephane Gauger,Stephane Gauger,birth_date,"Sài Gòn, Việt Nam Cộng hòa","Đạo diễn phim, biên kịch, nhà quay phim.",,,ethnicity,,,,,,"''Cú và Chim sẻ'', ''Sài Gòn Yo!'' ''Yêu đi, đừng sợ!''"
David Minetti,David Minetti,birth_date,,,,,ethnicity,,,,,,
Quốc Cường,Quốc Cường,birth_date,,,,,ethnicity,,,,,,
Hoàng Phúc (diễn viên),Hoàng Phúc (diễn viên),birth_date,"Mỹ Tho, Việt Nam Cộng hòa",Diễn viên,,Việt Nam,ethnicity,1980– nay,1m78,Nguyễn Uyên Phương (từ 2015),,,
Lâm Minh Thắng,Lâm Minh Thắng,birth_date,,,,,ethnicity,,,,,,
Trần Bảo Sơn,Trần Bảo Sơn,birth_date,"Sài Gòn, Việt Nam Cộng hòa","Diễn viên, Doanh nhân",,Việt Nam,ethnicity,,,Trương Ngọc Ánh (2005),1,,
Phan Thị Mơ,Phan Thị Mơ,birth_date,"Cai Lậy, Tiền Giang, Việt Nam","Người mẫu, D diễn viên",,Việt Nam,ethnicity,2010 – nay,"1,72m",,,,
Xuân Phát,Xuân Phát,birth_date,,,,,ethnicity,,,,,,
Bùi Văn Hải,Bùi Văn Hải,birth_date,,,,,ethnicity,,,,,,
Kiều Mai Lý,Kiều Mai Lý,birth_date,Hậu Giang,Nghệ sĩ cải lương,,Việt Nam,ethnicity,,,,,,
Will,Will,birth_date,,,,,ethnicity,,,,,,
Chí Tâm,Chí Tâm,birth_date,,,,,ethnicity,,,,,,
Xuân Lan,Xuân Lan,birth_date,,,,,ethnicity,,,,,,
Tiểu Bảo Quốc,Tiểu Bảo Quốc,birth_date,,,,,ethnicity,,,,,,
phượng hoàng,phượng hoàng,birth_date,,,,,ethnicity,,,,,,
Đồng bằng sông Cửu Long,Đồng bằng sông Cửu Long,birth_date,,,,,ethnicity,,,,,,
Khả Ngân,Khả Ngân,birth_date,"Thành phố Hồ Chí Minh, Việt Nam","Diễn viên, Người mẫu",,Việt Nam,ethnicity,2012–nay,"1,55m",,,,
Phan Thanh Nhiên,Phan Thanh Nhiên,birth_date,"Châu Đức, Bà Rịa - Vũng Tàu, Việt Nam",Diễn Viên,,Việt Nam,ethnicity,,,,,,
Phạm Anh Khoa,Phạm Anh Khoa,birth_date,,,,,ethnicity,,,,,,
Lê Bình (diễn viên),Lê Bình (diễn viên),birth_date,,"Diễn viên, Soạn giả, Đạo diễn sân khấu, Họa sĩ tuyên truyền cổ động",,,ethnicity,1982 – 2019,,,,,
diễn viên đóng thế,diễn viên đóng thế,birth_date,,,,,ethnicity,,,,,,
Miền Bắc (Việt Nam),Miền Bắc (Việt Nam),birth_date,,,,,ethnicity,,,,,,
Đài Truyền hình Việt Nam,Đài Truyền hình Việt Nam,birth_date,,,,,ethnicity,,,,,,
Taekwondo,Taekwondo,birth_date,,,,,ethnicity,,,,,,
Quang Thắng,Quang Thắng,birth_date,"Hải Phòng, Việt Nam Dân chủ Cộng hòa","Diễn viên, Nghệ sĩ hài",Trường Đại học Sân khấu và Điện ảnh Hà Nội,Việt Nam,ethnicity,,,Cao Thanh Hải (2002),3,,
Trung Anh,Trung Anh,birth_date,"Đức Thọ, Hà Tĩnh, Việt Nam Dân chủ Cộng hòa","Kịch sĩ, Tài tử điện ảnh và truyền hình, Nghệ sĩ chuyển âm",,Việt Nam,ethnicity,1995 – nay,,,2,,
Đồng Ánh Quỳnh,Đồng Ánh Quỳnh,birth_date,,,,,ethnicity,,,,,,
Tóc Tiên (ca sĩ),Tóc Tiên (ca sĩ),birth_date,"Thành phố Hồ Chí Minh, Việt Nam",* Ca sĩ * Vũ công * Diễn viên,,Việt Nam,ethnicity,1996–nay,,Hoàng Touliver (2020),,,
Rima Thanh Vy,Rima Thanh Vy,birth_date,,,,,ethnicity,,,,,,
Thuận Nguyễn,Thuận Nguyễn,birth_date,,,,,ethnicity,,,,,,
Gi A Nguyễn,Gi A Nguyễn,birth_date,,,,,ethnicity,,,,,,
Phan Thanh Hiền,Phan Thanh Hiền,birth_date,,,,,ethnicity,,,,,,
Thanh Mai (MC),Thanh Mai (MC),birth_date,,,,,ethnicity,,,,,,
Lê Công Tuấn Anh,Lê Công Tuấn Anh,birth_date,"Sài Gòn, Việt Nam Cộng hòa",Diễn viên,,Việt Nam,ethnicity,1985 – 1996,,,,,
Lê Tuấn Anh (diễn viên sinh 1968),Lê Tuấn Anh (diễn viên sinh 1968),birth_date,,,,,ethnicity,,,,,,
Thanh Vy,Thanh Vy,birth_date,"Hà Nội, Việt Nam Dân chủ Cộng hoà","Diễn viên sân khấu, Diễn viên truyền hình, Diễn viên điện ảnh",,Việt Nam,ethnicity,,,Hùng Tấn (1971 - nay),Thanh Lâm,"Thanh Dậu (chị gái), Trần Hồng, Văn Hai, Văn Môn (em trai)",
Vân Sơn (nghệ sĩ hài),Vân Sơn (nghệ sĩ hài),birth_date,"Sài Gòn, Việt Nam Cộng hòa","Diễn viên, Nghệ sĩ hài, Ca sĩ",,Hoa Kỳ,ethnicity,1977 - nay,,,,,
Bảo Liêm,Bảo Liêm,birth_date,"Sài Gòn, Việt Nam Cộng hòa","Diễn viên, Nghệ sĩ hài",,Hoa Kỳ,ethnicity,1990 - nay,,"Hồng Hạnh (vợ đâu), Bảo Vy (vợ thứ 2)",,,
Quang Minh (diễn viên),Quang Minh (diễn viên),birth_date,"Gò Công, Tiền Giang, Việt Nam Cộng hòa",Diễn viên,,"Hoa Kỳ, Việt Nam",ethnicity,1985nay,,Hồng Đào (1995),3,,
Văn Chung (kịch sĩ),Văn Chung (kịch sĩ),birth_date,"Chợ Lớn, Liên bang Đông Dương","Nghệ sĩ cải lương, Nghệ sĩ hài, Diễn viên điện ảnh",,,ethnicity,1948 – 2018,,"Thanh Hương (vợ đầu), Phương Lan (vợ sau)",,,
Mạc Can,Mạc Can,birth_date,,,,,ethnicity,,,,,,
Go Kyung-pyo,Go Kyung-pyo,birth_date,"Incheon, Hàn Quốc",Diễn viên,Đại học Konkuk - Phim,,ethnicity,,"6'2""",,,,
Lâm Vỹ Dạ,Lâm Vỹ Dạ,birth_date,"Huế, Việt Nam","Diễn viên, Nghệ sĩ hài, Người dẫn chương trình",Trường Đại học Sân khấu – Điện ảnh Thành phố Hồ Chí Minh,Việt Nam,ethnicity,,,Hứa Minh Đạt (2010),2,,
Nguyễn Thúc Thùy Tiên,Nguyễn Thúc Thùy Tiên,birth_date,"Thành phố Hồ Chí Minh, Việt Nam","Người mẫu, Nhân vật truyền hình","* Trường Đại học Khoa học Xã hội và Nhân văn, Đại học Quốc gia Thành phố Hồ Chí Minh * Trường Đại học Hoa Sen",Việt Nam,ethnicity,2017–2025Ngưng hoạt động do bị bắt giam.,"1,72m",,,,
Quyền Linh,Quyền Linh,birth_date,,"Diễn viên hài, Diễn viên điện ảnh, Diễn viên kịch nói, Người dẫn chương trình",,Việt Nam,ethnicity,,,,,,
David Phạm,David Phạm,birth_date,,,,,ethnicity,,,,,,
Don Nguyễn,Don Nguyễn,birth_date,"Thành phố Hồ Chí Minh, Việt Nam","Ca sĩ, Diễn viên",,Việt Nam,ethnicity,2002–nay,,,,,
Văn Hiệp,Văn Hiệp,birth_date,,Diễn viên,,Việt Nam,ethnicity,,,Văn Thị Kim Dung,,,
Nhã Phương (diễn viên),Nhã Phương (diễn viên),birth_date,"Đắk Lắk, Việt Nam",Diễn viên,Trường Đại học Sân khấu – Điện ảnh Thành phố Hồ Chí Minh,Việt Nam,ethnicity,2009–nay,"1,57m",Trường Giang (2018),2,,
Ngọc Quyên,Ngọc Quyên,birth_date,,,,,ethnicity,,,,,,
Huỳnh Anh Tuấn,Huỳnh Anh Tuấn,birth_date,"Vĩnh Long, Việt Nam","Diễn viên, Doanh nhân",Đại học Nghệ thuật và Thiết kế Minneapolis,Việt Nam,ethnicity,1989 – nay,,,,,
Tuấn Cường,Tuấn Cường,birth_date,,,,,ethnicity,,,,,,
Kathleen Lương,Kathleen Lương,birth_date,,,,,ethnicity,,,,,,
Kathy Uyên,Kathy Uyên,birth_date,,,,,ethnicity,,,,,,
Bình Minh (người mẫu),Bình Minh (người mẫu),birth_date,"Lạng Sơn, Việt Nam","Người mẫu, Diễn viên, Người dẫn chương trình",,Việt Nam,ethnicity,2001 – nay,"1,85m",Anh Thơ (2008),2,,
Huy Khánh,Huy Khánh,birth_date,"Thành phố Hồ Chí Minh, Việt Nam","Diễn viên, Người dẫn chương trình",Trường Đại học Sân khấu – Điện ảnh Thành phố Hồ Chí Minh,Việt Nam,ethnicity,2000nay,,* Lương Hoàng Anh (2005) * Mạc Anh Thư (2012),2,,
Đinh Ngọc Diệp,Đinh Ngọc Diệp,birth_date,"Thành phố Hồ Chí Minh, Việt Nam","Diễn viên, Người mẫu, Người dẫn chương trình, Nhà báo, Nhà sản xuất điện ảnh","Trường Đại học Khoa học Xã hội và Nhân văn, Đại học Quốc gia Thành phố Hồ Chí Minh",Việt Nam,ethnicity,2006–nay,,Victor Vũ (2016),2,,
Tăng Bảo Quyên,Tăng Bảo Quyên,birth_date,,,,,ethnicity,,,,,,
Mai Sơn Lâm,Mai Sơn Lâm,birth_date,,,,,ethnicity,,,,,,
Mạc Anh Thư,Mạc Anh Thư,birth_date,,,,,ethnicity,,,,,,
Tấn Thi,Tấn Thi,birth_date,,,,,ethnicity,,,,,,
Vũ Thu Phương,Vũ Thu Phương,birth_date,,,,,ethnicity,,,,,,
Đại Nghĩa (diễn viên),Đại Nghĩa (diễn viên),birth_date,"Thành phố Hồ Chí Minh, Việt Nam","Diễn viên, Người dẫn chương trình",,Việt Nam,ethnicity,,,,,,
Ngân Khánh,Ngân Khánh,birth_date,"Quy Nhơn, Bình Định, Việt Nam","Diễn viên, Ca sĩ, Người mẫu",,Việt Nam,ethnicity,2005nay,,Đỗ Thiếu Quân (2015),,,
Vân Trang,Vân Trang,birth_date,"Tiền Giang, Việt Nam","Diễn viên, Người dẫn chương trình",Trường Đại học Sân khấu - Điện ảnh Thành phố Hồ Chí Minh,Việt Nam,ethnicity,2007nay,,Lê Hữu Quân (2016),4,,
Võ Thanh Hòa,Võ Thanh Hòa,birth_date,"Vĩnh Long, Việt Nam","Nhà sản xuất phim, Đạo diễn",Trường Cao đẳng Nghệ thuật Lasalle,Việt Nam,ethnicity,1999–nay,,Mai Bảo Ngọc,1,,
Đinh Tiến Đạt,Đinh Tiến Đạt,birth_date,,,,,ethnicity,,,,,,
Minh Thuận (ca sĩ),Minh Thuận (ca sĩ),birth_date,,,,,ethnicity,,,,,,
Midu,Midu,birth_date,"Thành phố Hồ Chí Minh, Việt Nam","Diễn viên, Người mẫu",Trường Đại học Kiến trúc Thành phố Hồ Chí Minh,Việt Nam,ethnicity,2007 – nay,"1,60m",Trần Duy Minh Đạt (2024),,,
Nguyễn Thị Anh,Nguyễn Thị Anh,birth_date,"Bố Vệ, Thanh Hóa",,,,ethnicity,,,,Lê Bang Cơ,,
Kim Hiền (diễn viên),Kim Hiền (diễn viên),birth_date,,,,,ethnicity,,,,,,
Maya (ca sĩ),Maya (ca sĩ),birth_date,,,,,ethnicity,,,,,,
Dương Hoàng Anh,Dương Hoàng Anh,birth_date,"Hà Nội, Việt Nam","Diễn viên, Người mẫu",,Việt Nam,ethnicity,2001 – nay,"1,84m",,2,,
Dương Khắc Linh,Dương Khắc Linh,birth_date,"Manila, Philippines","Nhạc sĩ, Nhà sản xuất thu âm",,Việt Nam,ethnicity,2006–nay,,"Lydia Groeneweg (2006), Sara Lưu (2019)",2,,
Hoàng Bách,Hoàng Bách,birth_date,"Nam Định, Việt Nam","Ca sĩ, Nhạc sĩ sáng tác ca khúc, Nhà sản xuất âm nhạc",,Việt Nam,ethnicity,2001 – nay,,,,,
Quý Bình,Quý Bình,birth_date,"Đông Thạnh, Hóc Môn, Thành phố Hồ Chí Minh, Việt Nam","Diễn viên, ca sĩ, dẫn chương trình",,Việt Nam,ethnicity,2007–2025,,Ngọc Tiền (2020),1,,
Tú Vi,Tú Vi,birth_date,"Thành phố Hồ Chí Minh, Việt Nam","Diễn viên, Ca sĩ, MC",,Việt Nam,ethnicity,2007nay,160cm,Lê Văn Anh (2015),1,,
Văn Tùng,Văn Tùng,birth_date,"Tỉnh Pleiku, Việt Nam","Diễn viên, Vệ sĩ",,,ethnicity,2004 – nay,,(Đã kết hôn),2,,
Khánh Hiền,Khánh Hiền,birth_date,,"Diễn viên, Người mẫu, Nhà hoạt động từ thiện",,Việt Nam,ethnicity,2010 – nay,,,,,
Trần Nghĩa (diễn viên),Trần Nghĩa (diễn viên),birth_date,"Chương Mỹ, Hà Nội, Việt Nam",Diễn viên,"*Trường Đại học Kinh tế, Đại học Quốc gia Hà Nội *Trường Đại học Sân khấu - Điện ảnh Hà Nội",,ethnicity,,,,,,
Trúc Anh,Trúc Anh,birth_date,,"Diễn viên, Người mẫu ảnh",,,ethnicity,,,,,,
Khánh Huyền,Khánh Huyền,birth_date,,Diễn viên,,,ethnicity,,,,,,
Thanh Hiền,Thanh Hiền,birth_date,,Diễn viên,,Việt Nam,ethnicity,,,,,,
Cao Thái Hà,Cao Thái Hà,birth_date,"Cần Thơ, Việt Nam",Diễn viên,,Việt Nam,ethnicity,2011–nay,"1,7m",,,,
Maryline Tâm Võ,Maryline Tâm Võ,birth_date,,,,,ethnicity,,,,,,
Leon Lê,Leon Lê,birth_date,,,,,ethnicity,,,,,,
Trần Trung Lĩnh,Trần Trung Lĩnh,birth_date,,,,,ethnicity,,,,,,
Trương Thế Vinh,Trương Thế Vinh,birth_date,"Đà Nẵng, Việt Nam","Ca sĩ, Diễn viên, Người mẫu, Người dẫn chương trình",,Việt Nam,ethnicity,2001nay,"1,81m",,,,
Dominic Pereira,Dominic Pereira,birth_date,Malaysia,"Đạo diễn hình ảnh, Đạo diễn ánh sáng",,,ethnicity,1995 - nay,,,,,
Quách Ngọc Ngoan,Quách Ngọc Ngoan,birth_date,"Cà Mau, Việt Nam","Diễn viên, Người mẫu",*Trường Đại học Sân khấu – Điện ảnh Thành phố Hồ Chí Minh,Việt Nam,ethnicity,2008 – nay,,,,,
Thanh Thủy (diễn viên),Thanh Thủy (diễn viên),birth_date,,,,,ethnicity,,,,,,
Minh Đức (diễn viên),Minh Đức (diễn viên),birth_date,"Hoài Đức, Hà Tây, Liên bang Đông Dương",Diễn viên điện ảnh,,Việt Nam,ethnicity,1962 &ndash; nay,,,,,
Hữu Luân,Hữu Luân,birth_date,,,,,ethnicity,,,,,,
Hồ Kiểng,Hồ Kiểng,birth_date,,"Diễn viên điện ảnh, Diễn viên truyền hình, Nhà văn, Họa sĩ",,,ethnicity,1959 – 2012,,,,,
Quang Sự,Quang Sự,birth_date,"Hoằng Hóa, Thanh Hóa",Diễn viên,,,ethnicity,2007 - nay,,,,,
Petey Majik Nguyễn,Petey Majik Nguyễn,birth_date,,,,,ethnicity,,,,,,
Châu Bùi,Châu Bùi,birth_date,"Hà Nội, Việt Nam","Fashionista, Người mẫu, Diễn viên, Ca sĩ",Trường Đại học Thương mại,,ethnicity,2015&ndash;nay,"1,58m",,,Linh Bùi (chị em gái),
Aaron Toronto,Aaron Toronto,birth_date,"Texas, Hoa Kỳ","Đạo diễn, biên kịch, nhà sản xuất","Đại học Nam California, Đại học Brigham Young, Đại học KHXN&NV",,ethnicity,2002 – nay,,,,,
Diễn viên Chí Tâm,Diễn viên Chí Tâm,birth_date,,,,,ethnicity,,,,,,
Mỹ Duyên,Mỹ Duyên,birth_date,"Sài Gòn, Việt Nam Cộng hòa",Diễn viên,"Viện hàn lâm Vaganova, Saint Petersburg",Việt Nam,ethnicity,1990nay,,,,,
Đức Thịnh (đạo diễn),Đức Thịnh (đạo diễn),birth_date,"Sài Gòn – Gia Định, Cộng hòa miền Nam Việt Nam","Diễn viên, Doanh nhân, Nhà làm phim",,Việt Nam,ethnicity,2002–nay,,Lê Thị Thanh Thúy (2008),2,,Danh sách
Lê Thiện (nghệ sĩ),Lê Thiện (nghệ sĩ),birth_date,,Diễn viên sân khấu,,Việt Nam,ethnicity,,,,,,
không tặc,không tặc,birth_date,,,,,ethnicity,,,,,,
tâm lý,tâm lý,birth_date,,,,,ethnicity,,,,,,
Ái Phương,Ái Phương,birth_date,"Thành phố Hồ Chí Minh, Việt Nam","Ca sĩ, Nhạc sĩ, Diễn viên, Người mẫu",Trường Đại học Mở Thành phố Hồ Chí Minh,Việt Nam,ethnicity,2009nay,"1,72m",,,,
Hoàng Yến Chibi,Hoàng Yến Chibi,birth_date,"Hà Nội, Việt Nam","Ca sĩ, Diễn viên, Người dẫn chương trình",Đại học Văn hóa Hà Nội,Việt Nam,ethnicity,2010–nay,,,,,
Anh Thư,Anh Thư,birth_date,"Thành phố Hồ Chí Minh, Việt Nam",* Người mẫu * Diễn viên,THPT Nguyễn Hiền,,ethnicity,1999 – nay,,Trần Thanh Long (2004),"Trần Minh Khoa, (sinh 2007)",,
Vai diễn khách mời,Vai diễn khách mời,birth_date,,,,,ethnicity,,,,,,
Thanh Hằng,Thanh Hằng,birth_date,,,,,ethnicity,,,,,,
Mỹ Uyên,Mỹ Uyên,birth_date,,,,,ethnicity,,,,,,
Lan Hương (diễn viên sinh 1961),Lan Hương (diễn viên sinh 1961),birth_date,"Hà Nội, Việt Nam Dân chủ Cộng hòa",Diễn viên,,Việt Nam,ethnicity,1983nay,,Đỗ Kỷ (1988),2,,
Đức Khuê,Đức Khuê,birth_date,"Hà Nội, Việt Nam Dân chủ Cộng hòa","Diễn viên kịch nói, Diễn viên truyền hình, Diễn viên điện ảnh",,Việt Nam,ethnicity,1994 – nay,,,,,
Hoàng Hải (diễn viên),Hoàng Hải (diễn viên),birth_date,"Hà Nội, Việt Nam Dân chủ Cộng hòa",Diễn viên,,,ethnicity,,,,,,
Hồng Đăng (diễn viên),Hồng Đăng (diễn viên),birth_date,,Diễn viên,,Việt Nam,ethnicity,2004 – nay,,,,,
Đan Trường,Đan Trường,birth_date,"Thành phố Hồ Chí Minh, Việt Nam","Ca sĩ, Diễn viên",,,ethnicity,1997 – nay,,Thủy Tiên (2013),1,,
Chi Bảo,Chi Bảo,birth_date,,,,,ethnicity,,,,,,
Thanh Thảo (ca sĩ),Thanh Thảo (ca sĩ),birth_date,,,,,ethnicity,,,,,,
Cát Phượng,Cát Phượng,birth_date,"Sa Đéc, Đồng Tháp, Việt Nam Cộng hòa","Diễn viên, Ca sĩ, Nghệ sĩ hài",,Việt Nam,ethnicity,1993 – nay,,Thái Hòa (2004),1,,
Marilyn Monroe,Marilyn Monroe,birth_date,"Los Angeles, California, Hoa Kỳ","Diễn viên, Người mẫu, Ca sĩ",,,ethnicity,1945–1962,,"James Dougherty (1942), Joe DiMaggio (1954), Arthur Miller (1956)",,Berniece Baker Miracle (chị cùng mẹ khác cha),
Michael Jackson,Michael Jackson,birth_date,,,,,ethnicity,,,,,,
Khánh Nam (diễn viên),Khánh Nam (diễn viên),birth_date,,,,,ethnicity,,,,,,
Charlie Chaplin,Charlie Chaplin,birth_date,,,,,ethnicity,,,,,,
Minh Béo,Minh Béo,birth_date,"Tiền Giang, Việt Nam","Diễn viên, Người dẫn chương trình, Đạo diễn",,Việt Nam,ethnicity,,,,,,
Hữu Lộc,Hữu Lộc,birth_date,"Sài Gòn, Việt Nam Cộng hoà","Nghệ sĩ hài, Đạo diễn sân khấu, Diễn viên điện ảnh",,Việt Nam,ethnicity,,,,,,
đỏ,đỏ,birth_date,,,,,ethnicity,,,,,,
Da cam,Da cam,birth_date,,,,,ethnicity,,,,,,
Phương Thanh,Phương Thanh,birth_date,"Nông Cống, Thanh Hóa, Việt Nam Dân chủ Cộng hòa","Ca sĩ, Diễn viên",,Việt Nam,ethnicity,1990–nay,,,1,,
Hương Giang (diễn viên),Hương Giang (diễn viên),birth_date,"Sài Gòn, Việt Nam Cộng hòa","Người mẫu, Người dẫn chương trình, Diễn viên",,,ethnicity,,,,"Phạm Công Bảo Duy, (sinh năm 2000)",,
Vĩnh Thụy (diễn viên),Vĩnh Thụy (diễn viên),birth_date,,,,,ethnicity,,,,,,
Thủy Tiên (ca sĩ),Thủy Tiên (ca sĩ),birth_date,"Rạch Giá, Kiên Giang, Việt Nam","Ca sĩ kiêm sáng tác nhạc, Diễn viên, Người mẫu, Nhà thiện nguyện",,Việt Nam,ethnicity,,,Lê Công Vinh (2014),1,,
Trinh Hoan,Trinh Hoan,birth_date,"Quảng Trị, Việt Nam Cộng hòa","Nhà quay phim, Nhà sản xuất điện ảnh",,,ethnicity,1989–nay,,Nguyễn Nữ Như Khuê (1992),4,"Nguyễn Vinh Sơn ((anh trai)), Nguyễn Minh Cao ((em út))",Danh sách
Lê Hóa,Lê Hóa,birth_date,,,,,ethnicity,,,,,,
Lê Quốc Nam,Lê Quốc Nam,birth_date,,,,,ethnicity,,,,,,
Nguyễn Quang Dũng (đạo diễn),Nguyễn Quang Dũng (đạo diễn),birth_date,,,,,ethnicity,,,,,,
DJ,DJ,birth_date,,,,,ethnicity,,,,,,
Wanbi Tuấn Anh,Wanbi Tuấn Anh,birth_date,"Thành phố Hồ Chí Minh, Việt Nam","Ca sĩ, Nhạc sĩ, Diễn viên, Vũ công, Người mẫu",,Việt Nam,ethnicity,2008 – 2012,,,,,
Trương Quỳnh Anh,Trương Quỳnh Anh,birth_date,"Nha Trang, Khánh Hòa, Việt Nam","Ca sĩ, Diễn viên",,Việt Nam,ethnicity,2006–nay,"1,68m",Tim (2012),1,,
Elly Trần,Elly Trần,birth_date,"Thành phố Hồ Chí Minh, Việt Nam","Diễn viên, Người mẫu",,"Việt Nam, Hoa Kỳ",ethnicity,2008–nay,,Dane Fort (2011),2,,
Tim (ca sĩ),Tim (ca sĩ),birth_date,"Thành phố Hồ Chí Minh, Việt Nam","Ca sĩ, Diễn viên",,Việt Nam,ethnicity,2006–nay,,Trương Quỳnh Anh (2012),1,,
Hiền Mai,Hiền Mai,birth_date,"Hà Nội, Việt Nam Dân chủ Cộng hòa","Diễn viên, Người mẫu",,Việt Nam,ethnicity,1987 – nay,,Nguyễn Hoàng Minh (2003),1,,
Nhật Cường,Nhật Cường,birth_date,"Nha Trang, Khánh Hòa, Việt Nam Cộng hòa","Diễn viên, Nghệ sĩ hài, Nhà làm phim",,Việt Nam,ethnicity,,,,,,
Ngọc Oanh,Ngọc Oanh,birth_date,,,,,ethnicity,,,,,,
Long Đẹp Trai,Long Đẹp Trai,birth_date,,,,,ethnicity,,,,,,
Linh Trung (diễn viên),Linh Trung (diễn viên),birth_date,,,,,ethnicity,,,,,,
Bạch Long (nghệ sĩ cải lương,Bạch Long (nghệ sĩ cải lương,birth_date,,,,,ethnicity,,,,,,
Ba Luân,Ba Luân,birth_date,,,,,ethnicity,,,,,,
Dung Nhon,Dung Nhon,birth_date,,,,,ethnicity,,,,,,
Hải Triều (diễn viên),Hải Triều (diễn viên),birth_date,,,,,ethnicity,,,,,,
Chiến,Chiến,birth_date,,,,,ethnicity,,,,,,
Bá Nhân,Bá Nhân,birth_date,,,,,ethnicity,,,,,,
Thanh Khang,Thanh Khang,birth_date,,,,,ethnicity,,,,,,
Thiên Thủy (diễn viên),Thiên Thủy (diễn viên),birth_date,,,,,ethnicity,,,,,,
Thành Nam (diễn viên),Thành Nam (diễn viên),birth_date,,,,,ethnicity,,,,,,
Tân Trực,Tân Trực,birth_date,,,,,ethnicity,,,,,,
Quang Khang,Quang Khang,birth_date,,,,,ethnicity,,,,,,
Thanh Tâm (diễn viên),Thanh Tâm (diễn viên),birth_date,,,,,ethnicity,,,,,,
Thành Tài,Thành Tài,birth_date,,,,,ethnicity,,,,,,
Bé Vỹ,Bé Vỹ,birth_date,,,,,ethnicity,,,,,,
Tùng Linh,Tùng Linh,birth_date,,,,,ethnicity,,,,,,
Phi Điểu,Phi Điểu,birth_date,"Campuchia, Liên bang Đông Dương","Phát thanh viên, Diễn viên",,Việt Nam,ethnicity,2000 – nay,,,,,
Công Huy,Công Huy,birth_date,,,,,ethnicity,,,,,,
Long Ho,Long Ho,birth_date,,,,,ethnicity,,,,,,
Cát Trắng,Cát Trắng,birth_date,,,,,ethnicity,,,,,,
Trịnh Kim Chi,Trịnh Kim Chi,birth_date,,,,,ethnicity,,,,,,
Lương Thế Thành,Lương Thế Thành,birth_date,"Cai Lậy, Tiền Giang, Việt Nam",Diễn viên,*Trường Đại học Sân khấu - Điện ảnh Thành phố Hồ Chí Minh,Việt Nam,ethnicity,2005 – nay,,,,,
Phi Nhung,Phi Nhung,birth_date,"Pleiku, Gia Lai, Việt Nam Cộng hòa","Ca sĩ, Diễn viên, Nhà hoạt động xã hội",,"Việt Nam, Hoa Kỳ",ethnicity,1993–2021,,,1,,
Phạm Văn Mách,Phạm Văn Mách,birth_date,,,,,ethnicity,,,,,,
Việt Hương,Việt Hương,birth_date,"Thành phố Hồ Chí Minh, Việt Nam","Diễn viên, Nghệ sĩ hài, Người dẫn chương trình",,Việt Nam,ethnicity,1995 – nay,"1,51m",* Nguyễn Quang Minh (1999) * Nguyễn Hoài Phương (2006),1,,
Minh Thảo,Minh Thảo,birth_date,,,,,ethnicity,,,,,,
Bảo Anh (ca sĩ),Bảo Anh (ca sĩ),birth_date,"Thành phố Hồ Chí Minh, Việt Nam","Ca sĩ, Diễn viên",,Việt Nam,ethnicity,2012–nay,,,1,,
Miu Lê,Miu Lê,birth_date,"Ninh Thuận, Việt Nam","Ca sĩ, Diễn viên",,Việt Nam,ethnicity,2009–nay,,,,,
Hà Trí Quang,Hà Trí Quang,birth_date,"Bà Rịa – Vũng Tàu, Việt Nam",Diễn viên,,Việt Nam,ethnicity,2007 – nay,,,,,
Minh Luân,Minh Luân,birth_date,"Đồng Tháp, Việt Nam","Diễn viên, Ca sĩ",,Việt Nam,ethnicity,2008nay,,,,,
Quốc Trường (diễn viên),Quốc Trường (diễn viên),birth_date,"Cần Thơ, Việt Nam",Diễn viên,,Việt Nam,ethnicity,2009nay,"1,81m",,,,
Cát Tường (diễn viên),Cát Tường (diễn viên),birth_date,"Thừa Thiên Huế, Việt Nam","Diễn viên, Người dẫn chương trình",,Việt Nam,ethnicity,,,,1,,
Thanh Bạch,Thanh Bạch,birth_date,,,,,ethnicity,,,,,,
Quốc Thuận,Quốc Thuận,birth_date,,,,,ethnicity,,,,,,
Hứa Minh Đạt,Hứa Minh Đạt,birth_date,,,,,ethnicity,,,,,,
Quách Ngọc Tuyên,Quách Ngọc Tuyên,birth_date,,,,,ethnicity,,,,,,
Nam Thư,Nam Thư,birth_date,,,,,ethnicity,,,,,,
Thanh Trúc,Thanh Trúc,birth_date,"Thành phố Hồ Chí Minh, Việt Nam","Ca sĩ, Diễn viên",,Việt Nam,ethnicity,2001 – nay,,Châu Khải Phong,1,,
Trường Giang (nghệ sĩ),Trường Giang (nghệ sĩ),birth_date,"Long Thành, Đồng Nai, Việt Nam","Diễn viên, Nghệ sĩ hài, Nhạc sĩ, Người dẫn chương trình",,Việt Nam,ethnicity,2007nay,"1,60m",Nhã Phương (2018),2,,
Tiến Luật,Tiến Luật,birth_date,,,,,ethnicity,,,,,,
Hoài Lâm,Hoài Lâm,birth_date,,,,,ethnicity,,,,,,
Nguyễn Phi Hùng (ca sĩ),Nguyễn Phi Hùng (ca sĩ),birth_date,"Đan Phượng, Hà Nội, Việt Nam","Ca sĩ, Diễn viên, Vũ công",,,ethnicity,2003 – 2017,,,,,
Hồng Nga,Hồng Nga,birth_date,"Sài Gòn, Liên bang Đông Dương","Nghệ sĩ cải lương, Diễn viên hài",,Việt Nam Việt Nam,ethnicity,1960-nay,,Soạn giả Mộc Linh,"2 (1 trai, 1 gái)",,
Trương Ngọc Ánh,Trương Ngọc Ánh,birth_date,,,,,ethnicity,,,,,,
Bảo Chung,Bảo Chung,birth_date,,"Diễn viên hài, Diễn viên điện ảnh, Nghệ sĩ cải lương (trước kia)",,,ethnicity,,,,,,
Thúy Nga (nghệ sĩ),Thúy Nga (nghệ sĩ),birth_date,"Nha Trang, Khánh Hòa, Việt Nam","Diễn viên, Nghệ sĩ hài, Người dẫn chương trình",,Việt Nam,ethnicity,1995 – nay,,Nguyễn Văn Nam (2010),1,,
Hữu Nghĩa,Hữu Nghĩa,birth_date,,,,,ethnicity,,,,,,
Kim Khánh (diễn viên),Kim Khánh (diễn viên),birth_date,,"Diễn viên truyền hình, Diễn viên điện ảnh, Người mẫu, Ca sĩ",,,ethnicity,,,,,,
quần vợt,quần vợt,birth_date,,,,,ethnicity,,,,,,
Anh Vũ (nghệ sĩ),Anh Vũ (nghệ sĩ),birth_date,,"Diễn viên, Người dẫn chương trình, ca sĩ hát nhạc hài",,Việt Nam,ethnicity,,,,,,
gà,gà,birth_date,,,,,ethnicity,,,,,,
Hồng Tơ,Hồng Tơ,birth_date,"Mỹ Tho, Việt Nam Cộng hòa","Diễn viên hài, Diễn viên điện ảnh, Nghệ sĩ cải lương (trước kia)",,,ethnicity,Những năm 1990 - nay,,Kim Loan (2012 - nay),,,
Lý Hùng,Lý Hùng,birth_date,,"Diễn viên, Ca sĩ, MC",,Việt Nam,ethnicity,1981 - nay,,,,,
Nguyễn Huệ,Nguyễn Huệ,birth_date,"Bình Định, Đàng Trong, Đại Việt",,,,ethnicity,,,,* Nguyễn Quang Toản * Nguyễn Thị Ngọc Bảo * Nguyễn Quang Thùy * và một số người khác.,,
Thùy Lâm,Thùy Lâm,birth_date,,,,,ethnicity,,,,,,
Vĩnh Thuyên Kim,Vĩnh Thuyên Kim,birth_date,"Cà Mau, Việt Nam",Ca sĩ,,Việt Nam,ethnicity,,,,,,
Nikki Dương Nhật Vi,Nikki Dương Nhật Vi,birth_date,,,,,ethnicity,,,,,,
Kiều Oanh,Kiều Oanh,birth_date,"An Phú, An Giang, Việt Nam Cộng hòa","Diễn viên hài, Diễn viên điện ảnh, Diễn viên kịch, Nghệ sĩ cải lương (trước kia)",,Việt Nam,ethnicity,1995 - nay,,"T. (2003 – 2005), Lê Huỳnh (2006 – 2013), Hoàng Nhất (2013 – nay)",2,,
Lê Huỳnh,Lê Huỳnh,birth_date,,,,,ethnicity,,,,,,
Tommy Ngô,Tommy Ngô,birth_date,,,,,ethnicity,,,,,,
Lynda Trang Đài,Lynda Trang Đài,birth_date,"Huế, Việt Nam Cộng hòa",Ca sĩ,,Hoa Kỳ,ethnicity,,,,,,
Khánh Phương,Khánh Phương,birth_date,"Thành phố Hồ Chí Minh, Việt Nam",Ca sĩ,,Việt Nam,ethnicity,2006nay,,,,,
Hải Băng,Hải Băng,birth_date,,,,,ethnicity,,,,,,
Thu Tuyết,Thu Tuyết,birth_date,,,,,ethnicity,,,,,,
Bùi Tấn Trường,Bùi Tấn Trường,birth_date,,,,,ethnicity,,,,,,
Harry Lu,Harry Lu,birth_date,"Đài Bắc, Đài Loan",Diễn viên,,Việt Nam,ethnicity,,,,,,
Hoàng Thùy Linh,Hoàng Thùy Linh,birth_date,"Hà Nội, Việt Nam","Ca sĩ, Diễn viên, Người mẫu",,Việt Nam,ethnicity,2004–nay,"1,66m",,,,
Phạm Quỳnh Anh,Phạm Quỳnh Anh,birth_date,"Hà Nội, Việt Nam","Ca sĩ, Diễn viên",,Việt Nam,ethnicity,,,Quang Huy (2012),3,,
Chi Pu,Chi Pu,birth_date,"Hà Nội, Việt Nam","Ca sĩ, Diễn viên, Người mẫu, Nhân vật truyền hình",Đại học RMIT ''(bảo lưu/chưa tốt nghiệp)'',,ethnicity,,"1,63m",,,,
Minh Hằng,Minh Hằng,birth_date,"Thành phố Hồ Chí Minh, Việt Nam","Ca sĩ, Diễn viên",,Việt Nam,ethnicity,2003-nay,"1,65m",Nguyễn Quốc Bảo (2022),1,,
Chí Thiện (sinh năm 1988),Chí Thiện (sinh năm 1988),birth_date,"Thành phố Hồ Chí Minh, Việt Nam","Ca sĩ, Diễn viên, MC",,Việt Nam,ethnicity,2008 – nay,,,,,
Tường Vi (diễn viên),Tường Vi (diễn viên),birth_date,"Thành phố Hồ Chí Minh, Việt Nam",Diễn viên,,Việt Nam,ethnicity,2006 – nay,,,,,Danh sách
Hồng Nhung,Hồng Nhung,birth_date,"Hà Nội, Việt Nam Dân chủ Cộng hòa",* Ca sĩ * nhạc sĩ,,,ethnicity,,,"TBA (2 năm), Kevin Gilmore (2011–2018)",2,"Lê Văn Ngoạn (ông nội), Đới Xuân Ninh (ông ngoại), Bằng Kiều (chú họ), Lope Phạm (cháu họ)",
Siu Black,Siu Black,birth_date,,,,,ethnicity,,,,,,
Nhan Phúc Vinh,Nhan Phúc Vinh,birth_date,"Cần Thơ, Việt Nam","Diễn viên, Người mẫu",*Trường Đại học Sân khấu – Điện ảnh Thành phố Hồ Chí Minh *Trường Đại học Cần Thơ,Việt Nam,ethnicity,2008 – nay,,,,,
Sơn Tùng M-TP,Sơn Tùng M-TP,birth_date,"Thành phố Thái Bình, Thái Bình, Việt Nam","Ca sĩ kiêm sáng tác nhạc, nhà sản xuất thu âm, diễn viên, rapper, doanh nhân",,Việt Nam,ethnicity,,"1,68m",,,,Danh sách
Thanh Nam,Thanh Nam,birth_date,"Châu Thành, Hậu Giang, Việt Nam Cộng hòa","Diễn viên sân khấu, Diễn viên truyền hình, điện ảnh",,Việt Nam,ethnicity,,,,,,
Lều Phương Anh,Lều Phương Anh,birth_date,,,,,ethnicity,,,,,,
Duy Khánh (diễn viên),Duy Khánh (diễn viên),birth_date,"Thành phố Hồ Chí Minh, Việt Nam","Diễn viên, Nghệ sĩ hài, Người dẫn chương trình",,Việt Nam,ethnicity,2010–nay,,,,Nguyễn Hữu Quốc Thống ((em trai)),
Đàm Phương Linh,Đàm Phương Linh,birth_date,"Thành phố Hồ Chí Minh, Việt Nam","Diễn viên, Người mẫu, Ca sĩ, MC",,Việt Nam,ethnicity,2010 - nay,,,,,
Trọng Hiếu,Trọng Hiếu,birth_date,"Bad Kissingen, Đức","Ca sĩ, Vũ công",,Việt Nam,ethnicity,2009–nay,,,,,
Huỳnh Lập,Huỳnh Lập,birth_date,"Long Xuyên, An Giang, Việt Nam","Diễn viên, Nghệ sĩ hài, Doanh nhân, Nhà làm phim",,Việt Nam,ethnicity,2012–nay,,,,,
Thảo Trang,Thảo Trang,birth_date,"Thành phố Hồ Chí Minh, Việt Nam",Ca sĩ,,Việt Nam,ethnicity,,"1,55m",,1,,
Tăng Nhật Tuệ,Tăng Nhật Tuệ,birth_date,"Hà Nội, Việt Nam","Ca sĩ, Nhạc sĩ, Diễn viên",,Việt Nam,ethnicity,,,,,,
Nguyễn Quang Dũng,Nguyễn Quang Dũng,birth_date,,,,,ethnicity,,,,,,
Nguyễn Hải Phong,Nguyễn Hải Phong,birth_date,,,,,ethnicity,,,,,,
Uyên Linh,Uyên Linh,birth_date,"Thành phố Hồ Chí Minh, Việt Nam",Ca sĩ,,Việt Nam,ethnicity,,,,,,
Mỹ Tâm,Mỹ Tâm,birth_date,,,,,ethnicity,,,,,,
Đức Phúc,Đức Phúc,birth_date,"Hà Nội, Việt Nam","Ca sĩ, diễn viên, rapper",,Việt Nam,ethnicity,,,,,,
Phan Mạnh Quỳnh,Phan Mạnh Quỳnh,birth_date,"Diễn Vạn, Diễn Châu, Nghệ An, Việt Nam",Ca sĩ kiêm sáng tác nhạc,,Việt Nam,ethnicity,2009–nay,,Huỳnh Khánh Vy (2021),1 (1 gái),,
Lý Hải,Lý Hải,birth_date,"Châu Thành, Mỹ Tho, Việt Nam Cộng hòa","Ca sĩ, Diễn viên, Doanh nhân, Nhà làm phim",,Việt Nam,ethnicity,1991–nay,,Trần Minh Hà (2010),4,,
Võ Thành Tâm,Võ Thành Tâm,birth_date,"Thành phố Hồ Chí Minh, Việt Nam",Diễn viên,,Việt Nam,ethnicity,1998 – nay,,,,,
Trọng Hải,Trọng Hải,birth_date,"Hà Nội, Việt Nam Dân chủ Cộng hòa",,,,ethnicity,,,,,,
Tiết Cương,Tiết Cương,birth_date,"Long An, Việt Nam Cộng hòa","Diễn viên điện ảnh, Diễn viên truyền hình, Diễn viên hài, Người dẫn chương trình",,Việt Nam,ethnicity,1993 &ndash; nay,,,,,
Đoan Trang,Đoan Trang,birth_date,"Nam Định, Việt Nam","Ca sĩ, Diễn viên, Người dẫn chương trình, Vũ công",,Việt Nam,ethnicity,2001 – nay,,Johan Wicklund (2012),1,,
Nhung Kate,Nhung Kate,birth_date,"Hải Phòng, Việt Nam","Diễn viên, Người dẫn chương trình, Người mẫu ảnh",,Việt Nam,ethnicity,2009–nay,,,,,
Lê Hạ Anh,Lê Hạ Anh,birth_date,,,,,ethnicity,,,,,,
Nguyễn Thùy Dương,Nguyễn Thùy Dương,birth_date,,,,,ethnicity,,,,,,
Công Dương,Công Dương,birth_date,"Hà Nội, Việt Nam","Diễn viên, người mẫu, ca sĩ",,,ethnicity,2012 – nay,,,,,
Diễm My (diễn viên),Diễm My (diễn viên),birth_date,"Thành phố Hồ Chí Minh, Việt Nam","Diễn viên, Người mẫu, Người dẫn chương trình","Trường Đại học Ngoại thương cơ sở II, Thành phố Hồ Chí Minh",Việt Nam,ethnicity,"1995 – 1998, 2005 – nay",,Vinh Nguyễn (2023),1,,
Ngọc Phước,Ngọc Phước,birth_date,,,,,ethnicity,,,,,,
Trung Lùn,Trung Lùn,birth_date,"Bình Định, Việt Nam","Diễn viên, đạo diễn",,,ethnicity,,,,,,
ảo thuật gia,ảo thuật gia,birth_date,,,,,ethnicity,,,,,,
nhà ngoại cảm,nhà ngoại cảm,birth_date,,,,,ethnicity,,,,,,
Ngọc Hiệp (diễn viên),Ngọc Hiệp (diễn viên),birth_date,"Cà Mau, Việt Nam","Diễn viên, Đạo diễn, Nhà sản xuất phim","Điện ảnh Thành phố Hồ Chí Minh (1991), Đại học Sân khấu Điện ảnh Hà Nội, (Diễn xuất: 2001, Đạo diễn: 2006)",Việt Nam,ethnicity,1987 – nay,,Nguyễn Thành Danh,1,,
ảo thuật,ảo thuật,birth_date,,,,,ethnicity,,,,,,
Trần Ngọc Trà,Trần Ngọc Trà,birth_date,"Phước Khánh, Cần Giuộc, Long An, Liên bang Đông Dương.",kỹ nữ,,,ethnicity,,,,Không có,,
Ngọc Trinh (người mẫu),Ngọc Trinh (người mẫu),birth_date,"Cầu Quan, Tiểu Cần, Trà Vinh, Việt Nam","Người mẫu, Diễn viên, Doanh nhân",,Việt Nam,ethnicity,2005–nay,"1,68m",,,"Trần Hoàng Dũng (anh trai), Trần Ngọc Bích",
Lê Thị Nhị,Lê Thị Nhị,birth_date,,,,,ethnicity,,,,,,
Đinh Y Nhung,Đinh Y Nhung,birth_date,"Ba Tơ, Quảng Ngãi, Việt Nam",Diễn viên,,Việt Nam,ethnicity,2002 – nay,"1,64m",Lưu Huỳnh (2004),1,,Danh sách
Thanh Thức,Thanh Thức,birth_date,"Trà Vinh, Việt Nam","Người mẫu, Diễn viên",Đại học Giao thông Vận tải Thành phố Hồ Chí Minh,Việt Nam,ethnicity,2006 – nay,,,,,
Mạnh Dung,Mạnh Dung,birth_date,,Diễn viên; Nhà giáo,,,ethnicity,1985 - nay,,,,,
Nam Cường (ca sĩ),Nam Cường (ca sĩ),birth_date,"Đà Nẵng, Việt Nam","Ca sĩ, Diễn viên, MC",,Việt Nam,ethnicity,2005 - nay,,,,,
Mai Phương (diễn viên),Mai Phương (diễn viên),birth_date,"Hải Phòng, Việt Nam","Diễn viên, Ca sĩ, Người dẫn chương trình",,Việt Nam,ethnicity,1997 – 2019,,,1,,
Thanh Hoàng (nghệ sĩ),Thanh Hoàng (nghệ sĩ),birth_date,,,,,ethnicity,,,,,,
Quang Tuấn,Quang Tuấn,birth_date,"Thành phố Hồ Chí Minh, Việt Nam",Diễn viên,,Việt Nam,ethnicity,2006–nay,,Linh Phi (2016),2,,Danh sách
Phú Đôn,Phú Đôn,birth_date,"Hà Nội, Việt Nam Dân chủ Cộng hòa",Diễn viên,,,ethnicity,1995 - nay,,,,,
Chiều Xuân,Chiều Xuân,birth_date,,"Diễn viên điện ảnh, Diễn viên truyền hình",,Việt Nam,ethnicity,,,,,,
Võ Tấn Phát,Võ Tấn Phát,birth_date,"Trà Ôn, Vĩnh Long, Việt Nam","Diễn viên, người dẫn chương trình",,,ethnicity,2017 – nay,,,,,
Ngọc Thư,Ngọc Thư,birth_date,,"Diễn viên, Quân nhân",,,ethnicity,,,,,,
Hoàng Hà (diễn viên),Hoàng Hà (diễn viên),birth_date,"Hà Nội, Việt Nam",Diễn viên,,Việt Nam,ethnicity,,,,,,
Đơn Dương (diễn viên),Đơn Dương (diễn viên),birth_date,,Diễn viên,,Việt Nam,ethnicity,1982 – 2003,,"Vũ Xuân Sanh (1983), Mỹ Hạnh (2008)",,,
Mai Hoa (diễn viên),Mai Hoa (diễn viên),birth_date,,diễn viên,,,ethnicity,1996 - 2006,,,,,
Đỗ Nguyễn Lan Hà,Đỗ Nguyễn Lan Hà,birth_date,,Diễn viên,,Việt Nam,ethnicity,1993 – nay,,,,,
Lý Hồng Ân,Lý Hồng Ân,birth_date,,,,,ethnicity,,,,,,
Kiều Trinh,Kiều Trinh,birth_date,,,,,ethnicity,,,,,,
Huy Cường,Huy Cường,birth_date,,Diễn viên,,,ethnicity,2003 - nay,,,,,
Phúc An,Phúc An,birth_date,,,,,ethnicity,,,,,,
Huy Khang,Huy Khang,birth_date,,,,,ethnicity,,,,,,
Trần Lực,Trần Lực,birth_date,"Hà Nội, Việt Nam Dân chủ Cộng hòa","Diễn viên, Nhà làm phim",,Việt Nam,ethnicity,1983 – nay,,,,,
Thanh Thúy (ca sĩ sinh 1943),Thanh Thúy (ca sĩ sinh 1943),birth_date,,,,,ethnicity,,,,,,
Bùi Lan Hương,Bùi Lan Hương,birth_date,"Hà Nội, Việt Nam",Ca sĩ kiêm sáng tác nhạc,,Việt Nam,ethnicity,2017–nay,163.9 cm,,,,
Khánh Ly,Khánh Ly,birth_date,,,,,ethnicity,,,,,,
Quỳnh Lam,Quỳnh Lam,birth_date,"Đồng Nai, Việt Nam",Diễn viên,Trường Đại học Sân khấu – Điện ảnh Thành phố Hồ Chí Minh,Việt Nam,ethnicity,2007 - nay,,,,,
Lương Bích Hữu,Lương Bích Hữu,birth_date,"Thành phố Hồ Chí Minh, Việt Nam","Ca sĩ, Người mẫu, Diễn viên, Nhạc sĩ",,Việt Nam,ethnicity,2003 – nay,,,,,
Lê Công Hoàng (diễn viên),Lê Công Hoàng (diễn viên),birth_date,"Thành phố Hồ Chí Minh, Việt Nam",Diễn viên,Đại học Văn Lang,Việt Nam,ethnicity,2015 – nay,,,,,Danh sách
Việt Trinh,Việt Trinh,birth_date,,"Diễn viên điện ảnh, Diễn viên kịch nói, Đạo diễn, Người dẫn chương trình, Giám khảo",,Việt Nam,ethnicity,1990 – 2022,,,,,
Phạm Hồng Phước,Phạm Hồng Phước,birth_date,,,,,ethnicity,,,,,,
Ngọc Thanh Tâm,Ngọc Thanh Tâm,birth_date,"Nha Trang, Khánh Hòa, Việt Nam",Diễn viên,Đại học RMIT,Việt Nam,ethnicity,2010–nay,,,,,Danh sách
Hoàng Phúc,Hoàng Phúc,birth_date,,,,,ethnicity,,,,,,
Hoàng Nhân,Hoàng Nhân,birth_date,,,,,ethnicity,,,,,,
Tô Văn Đực,Tô Văn Đực,birth_date,,,,,ethnicity,,,,,,
Lý Huỳnh,Lý Huỳnh,birth_date,"Vĩnh Long, Liên bang Đông Dương","Võ sư, diễn viên",,Việt Nam,ethnicity,,,,,,
Thương Tín (diễn viên),Thương Tín (diễn viên),birth_date,"Phan Rang, Việt Nam Cộng hòa","Diễn viên, Đạo diễn",,,ethnicity,,,,,,
Phương Thanh (diễn viên),Phương Thanh (diễn viên),birth_date,,Diễn viên điện ảnh,,Việt Nam,ethnicity,1976 – 2007,,Nguyễn Anh Dũng (1986),,,
Thùy Liên,Thùy Liên,birth_date,,,,,ethnicity,,,,,,
Khương Mễ,Khương Mễ,birth_date,"Châu Đốc, Liên bang Đông Dương","Đạo diễn điện ảnh, Nhà quay phim",,,ethnicity,1939 – 2002,,,,,
Lê Văn Lộc (diễn viên),Lê Văn Lộc (diễn viên),birth_date,,,,,ethnicity,,,,,,
Lương Triều Vĩ,Lương Triều Vĩ,birth_date,Hồng Kông thuộc Anh,Diễn viên,,,ethnicity,,,Lưu Gia Linh (2008),,,
Trần Nữ Yên Khê,Trần Nữ Yên Khê,birth_date,"Hà Nội, Việt Nam Dân chủ Cộng hòa",Diễn viên,,,ethnicity,1987 – nay,,Trần Anh Hùng,Trần Lăng Khê,,
Như Quỳnh (diễn viên),Như Quỳnh (diễn viên),birth_date,,Diễn viên điện ảnh,,Việt Nam,ethnicity,1973 – nay,,Nguyễn Hữu Bảo (1980),,,
Ngô Vũ Quang Hải,Ngô Vũ Quang Hải,birth_date,,"Đạo diễn, Diễn viên",,,ethnicity,1993 - nay,,,,,
Nguyễn Tuyết Ngân,Nguyễn Tuyết Ngân,birth_date,,,,,ethnicity,,,,,,
Đoàn Việt Hà,Đoàn Việt Hà,birth_date,,,,,ethnicity,,,,,,
Bùi Hoàng Huy,Bùi Hoàng Huy,birth_date,,,,,ethnicity,,,,,,
Võ Vĩnh Phúc,Võ Vĩnh Phúc,birth_date,,,,,ethnicity,,,,,,
Lê Đình Huy,Lê Đình Huy,birth_date,,,,,ethnicity,,,,,,
Phạm Ngọc Liễu,Phạm Ngọc Liễu,birth_date,,,,,ethnicity,,,,,,
Lê Tuấn Anh (diễn viên),Lê Tuấn Anh (diễn viên),birth_date,,,,,ethnicity,,,,,,
Bùi Thị Minh Đức,Bùi Thị Minh Đức,birth_date,,,,,ethnicity,,,,,,
Trịnh Thịnh,Trịnh Thịnh,birth_date,,Diễn viên điện ảnh,,Việt Nam,ethnicity,1956 – 2002,,,,,
Nguyễn Đình Thơ,Nguyễn Đình Thơ,birth_date,,,,,ethnicity,,,,,,
Việt Thắng (diễn viên),Việt Thắng (diễn viên),birth_date,"Hà Nội, Việt Nam Dân chủ Cộng hòa",Diễn viên sân khấu,,,ethnicity,,,,,,
Thanh Lam,Thanh Lam,birth_date,"Hà Nội, Việt Nam Dân chủ Cộng hòa",* Ca sĩ,Học viện Âm nhạc Quốc gia Việt Nam,,ethnicity,,,,3,Trí Minh (em trai),
Gia Khoan,Gia Khoan,birth_date,,,,,ethnicity,,,,,,
Huang Kiem,Huang Kiem,birth_date,,,,,ethnicity,,,,,,
Chu Hùng,Chu Hùng,birth_date,"Hà Nội, Việt Nam Dân chủ Cộng hòa",Diễn viên,,,ethnicity,,,NS Kim Thu,2,,
Mạnh Cường,Mạnh Cường,birth_date,"Hà Nội, Việt Nam Dân chủ Cộng hòa","Diễn viên, Đạo diễn",,Việt Nam,ethnicity,1988 &ndash; nay,,,,,
Trần Quốc Hùng,Trần Quốc Hùng,birth_date,,,,,ethnicity,,,,,,
Võ Thế Vỹ,Võ Thế Vỹ,birth_date,,,,,ethnicity,,,,,,
Trương Thanh Nghi,Trương Thanh Nghi,birth_date,,,,,ethnicity,,,,,,
Phạm Hải Trường,Phạm Hải Trường,birth_date,,,,,ethnicity,,,,,,
Ánh Hoa,Ánh Hoa,birth_date,"Mỏ Cày, Bến Tre, Đại Nam, Liên bang Đông Dương","Nghệ sĩ Cải lương, Diễn viên truyền hình",,Việt Nam,ethnicity,1948-2020,,"Nghệ sĩ Minh Chí (1924-1995), (kết hôn 1956)",4 người con,,"Vở Cải lương Kiều Nguyệt Nga vai Lão Bà (Mẹ của Kiều Nguyệt Nga) , Phim điện ảnh Người tình vai Bà Đô , Phim điện ảnh Mùi đu đủ xanh vai Bà Ty"
Trần Lộc,Trần Lộc,birth_date,,,,,ethnicity,,,,,,
Trần Minh Tuấn (diễn viên),Trần Minh Tuấn (diễn viên),birth_date,,,,,ethnicity,,,,,,
Nguyễn Văn Tùng (diễn viên),Nguyễn Văn Tùng (diễn viên),birth_date,,,,,ethnicity,,,,,,
Phạm Duy Hương,Phạm Duy Hương,birth_date,,,,,ethnicity,,,,,,
Lê Thái Ngọc Hoan,Lê Thái Ngọc Hoan,birth_date,,,,,ethnicity,,,,,,
Bá Phan Châu Toàn,Bá Phan Châu Toàn,birth_date,,,,,ethnicity,,,,,,
Đặng Minh Châu (diễn viên),Đặng Minh Châu (diễn viên),birth_date,,,,,ethnicity,,,,,,
Trần Văn Lợi,Trần Văn Lợi,birth_date,,,,,ethnicity,,,,,,
Lê Anh Sơn,Lê Anh Sơn,birth_date,,,,,ethnicity,,,,,,
Phạm Văn Nhân (diễn viên),Phạm Văn Nhân (diễn viên),birth_date,,,,,ethnicity,,,,,,
Đặng Văn Đức,Đặng Văn Đức,birth_date,,,,,ethnicity,,,,,,
Trần Nhật Vũ,Trần Nhật Vũ,birth_date,,,,,ethnicity,,,,,,
Nguyễn Hữu Châu (quần chúng),Nguyễn Hữu Châu (quần chúng),birth_date,,,,,ethnicity,,,,,,
Trương Minh Quốc Thái,Trương Minh Quốc Thái,birth_date,"Sài Gòn, Việt Nam Cộng hòa",Diễn viên,,Việt Nam,ethnicity,1997 &ndash; nay,,,,,
Michael Caine,Michael Caine,birth_date,,,,,ethnicity,,,,,,
Brendan Fraser,Brendan Fraser,birth_date,,,,,ethnicity,,,,,,
Đỗ Thị Hải Yến,Đỗ Thị Hải Yến,birth_date,"Bắc Ninh, Việt Nam",Diễn viên,,Việt Nam,ethnicity,1999 – nay,,"Ngô Quang Hải (2000), Calvin Tài Lâm (2012)",,,
Rade Šerbedžija,Rade Šerbedžija,birth_date,,,,,ethnicity,,,,,,
Ngô Quang Hải,Ngô Quang Hải,birth_date,,"Đạo diễn, Diễn viên",,,ethnicity,1993 - nay,,,,,
Công Lý (diễn viên),Công Lý (diễn viên),birth_date,"Hà Nội, Việt Nam Dân chủ Cộng hòa","Diễn viên, Nghệ sĩ hài",Trường Đại học Sân khấu và Điện ảnh Hà Nội,,ethnicity,1993nay,,"Thục Khuê, Thảo Vân (2004), Ngọc Hà (2021)",2,,
Hồ Bích Trâm,Hồ Bích Trâm,birth_date,"Phổ Vinh, Đức Phổ, Quảng Ngãi, Việt Nam","Diễn viên, vlogger",,Việt Nam,ethnicity,2010–nay,,,1,,
Mai Ngô,Mai Ngô,birth_date,,,,,ethnicity,,,,,,
File:LÊ PHƯƠNG 2023.jpg,File:LÊ PHƯƠNG 2023.jpg,birth_date,,,,,ethnicity,,,,,,
Lê Phương,Lê Phương,birth_date,"Trà Vinh, Việt Nam","Diễn viên, Người mẫu, Ca sĩ",Trường Đại học Sân khấu – Điện ảnh Thành phố Hồ Chí Minh,Việt Nam,ethnicity,2006&ndash;nay,,*Quách Ngọc Ngoan (2012) *Phạm Trung Kiên (2017),2,,
Nhật Kim Anh,Nhật Kim Anh,birth_date,"Thanh Hóa, Việt Nam","Ca sĩ, Diễn viên",,Việt Nam,ethnicity,2001–nay,"1,65m",Ngô Nguyễn Phúc Bửu Lộc (2014),2,,
Yu Dương,Yu Dương,birth_date,,,,,ethnicity,,,,,,
Trung Dũng (diễn viên),Trung Dũng (diễn viên),birth_date,"Vĩnh Long, Việt Nam Cộng hòa","Diễn viên, MC",Đại học Sân khấu – Điện ảnh Thành phố Hồ Chí Minh,Việt Nam,ethnicity,1999 – nay,,,,,
Mai Thu Huyền,Mai Thu Huyền,birth_date,"Hà Nội, Việt Nam","Diễn viên, Người mẫu, Doanh nhân, Người dẫn chương trình, Nhà làm phim",,Việt Nam,ethnicity,1995nay,,Thang Văn Lương (2002),2,,
Cẩm Ly,Cẩm Ly,birth_date,"Sài Gòn, Việt Nam Cộng hòa",Ca sĩ,,Việt Nam,ethnicity,1993–nay,,Minh Vy (2004),2,* Minh Tuyết * Hà Phương,
Lê Minh Thu,Lê Minh Thu,birth_date,,,,,ethnicity,,,,,,
Võ Thị Sáu,Võ Thị Sáu,birth_date,"Đất Đỏ, Bà Rịa, Liên bang Đông Dương",Du kích,,Việt Nam,ethnicity,,,,,,
Robert Hải,Robert Hải,birth_date,,Diễn viên,,Việt Nam,ethnicity,,,Thùy Dung,,,
Tăng Thanh Hà,Tăng Thanh Hà,birth_date,"Gò Công, Tiền Giang, Việt Nam","Diễn viên, Người mẫu",Trường Đại học RMIT,Việt Nam,ethnicity,2002 – nay,,Louis Nguyễn (2012),3,,
Bảo Thanh (diễn viên),Bảo Thanh (diễn viên),birth_date,"Bắc Giang, Việt Nam",Diễn viên,Trường Đại học Sân khấu – Điện ảnh Hà Nội,Việt Nam,ethnicity,2000–nay,,Đức Thắng (2011),2,,
Kiều Chinh,Kiều Chinh,birth_date,,"Diễn viên, phát ngôn viên, người theo chủ nghĩa nhân đạo, người hoạt động từ thiện",,,ethnicity,,,''Nguyễn Năng Tế'' (1956 – 1981),,,
Nguyễn Minh Trang,Nguyễn Minh Trang,birth_date,"Hà Nội, Việt Nam Dân chủ Cộng hòa","Diễn viên kịch, Diễn viên truyền hình, Diễn viên điện ảnh",,"Việt Nam, Singapore",ethnicity,1980 – nay,,,,,"Hà My Của Tôi, Tôi và chúng ta, Cô Gái Đội Mũ Nồi Xám, Lôi Vũ, Gái Giang Hồ Quốc tế, Mê Thảo, thời vang bóng, Một Cuộc Đời Bị Đánh Cắp, Chung cư, Phượng khấu."
Nhung Kate (diễn viên),Nhung Kate (diễn viên),birth_date,,,,,ethnicity,,,,,,
Suboi,Suboi,birth_date,"Thành phố Hồ Chí Minh, Việt Nam",* Rapper * Ca sĩ kiêm sáng tác nhạc * Diễn viên,,Việt Nam,ethnicity,2005–nay,,Dôn Nguyễn (2019),1,,
Thùy Anh,Thùy Anh,birth_date,"Hà Nội, Việt Nam",Diễn viên,Học viện Ngân hàng,Việt Nam,ethnicity,2009–nay,"1,67m",,,,
Thanh Duy,Thanh Duy,birth_date,"Trà Vinh, Việt Nam","Ca sĩ, Diễn viên",Đại học Cần Thơ,Việt Nam,ethnicity,2008–nay,"1,70m",,,Phạm Trần Phương (em trai),
Quốc Khánh (nghệ sĩ),Quốc Khánh (nghệ sĩ),birth_date,"Hà Nội, Việt Nam Dân chủ Cộng hòa",Diễn viên,,Việt Nam,ethnicity,1990nay,,,,,
Tú Trinh,Tú Trinh,birth_date,Sài Gòn,"Nghệ sĩ cải lương, Diễn viên truyền hình, Diễn viên kịch, Diễn viên lồng tiếng",,Việt Nam,ethnicity,,,,,,
Tất Bình,Tất Bình,birth_date,"Hà Nội, Việt Nam Dân chủ Cộng hòa","Đạo diễn, Diễn viên",,Việt Nam,ethnicity,1981 &ndash; nay,,,,,
Hà Kiều Anh,Hà Kiều Anh,birth_date,,,,,ethnicity,,,,,,
Lương Mạnh Hải,Lương Mạnh Hải,birth_date,"Hà Nội, Việt Nam",Diễn viên,Học viện Ngân hàng,,ethnicity,2002 – nay,,,,,
Hồ Vĩnh Khoa,Hồ Vĩnh Khoa,birth_date,"Thành phố Hồ Chí Minh, Việt Nam","Diễn viên, ca sĩ, vũ công",,Việt Nam,ethnicity,,,Rhonee Rojas,,,
Thiên Kim (diễn viên),Thiên Kim (diễn viên),birth_date,"Sài Gòn, Nam Kỳ, Liên bang Đông Dương","Nghệ sĩ cải lương, Diễn viên",,Việt Nam,ethnicity,1941 – 2023,,,,,
Nhã Phương,Nhã Phương,birth_date,,,,,ethnicity,,,,,,
Bảo Trúc,Bảo Trúc,birth_date,,,,,ethnicity,,,,,,
Diễm Châu,Diễm Châu,birth_date,,,,,ethnicity,,,,,,
Mạnh Hùng,Mạnh Hùng,birth_date,,,,,ethnicity,,,,,,
Vy Oanh,Vy Oanh,birth_date,"Phan Thiết, Bình Thuận, Việt Nam","Ca sĩ, Nhạc sĩ, Diễn viên",,Việt Nam,ethnicity,2007–nay,,Lê Thiện (2014),3,,
Thảo Trang (diễn viên),Thảo Trang (diễn viên),birth_date,,,,,ethnicity,,,,,,
Diệp Bảo Ngọc,Diệp Bảo Ngọc,birth_date,,,,,ethnicity,,,,,,
Phạm Trưởng,Phạm Trưởng,birth_date,"Gia Lai, Việt Nam",,,,ethnicity,2006 - nay,,,,,
Ốc Thanh Vân,Ốc Thanh Vân,birth_date,"Hải Phòng, Việt Nam","Diễn viên, Người dẫn chương trình",Trường Đại học Sân khấu - Điện ảnh Thành phố Hồ Chí Minh,Việt Nam,ethnicity,2004 – nay,,Nguyễn Minh Trí (2008),3,,
Minh Anh (diễn viên),Minh Anh (diễn viên),birth_date,,,,,ethnicity,,,,,,
Dương Yến Ngọc,Dương Yến Ngọc,birth_date,,,,,ethnicity,,,,,,
Tống Bạch Thủy,Tống Bạch Thủy,birth_date,,,,,ethnicity,,,,,,
Ngọc Nga,Ngọc Nga,birth_date,,,,,ethnicity,,,,,,
Trương Thanh Long,Trương Thanh Long,birth_date,,,,,ethnicity,,,,,,
Hải Đông,Hải Đông,birth_date,,,,,ethnicity,,,,,,
Thanh Thúy (diễn viên sinh 1982),Thanh Thúy (diễn viên sinh 1982),birth_date,"Thành phố Hồ Chí Minh, Việt Nam","Diễn viên, Doanh nhân, Người dẫn chương trình, Nhà sản xuất điện ảnh",,Việt Nam,ethnicity,2002 – nay,,Đỗ Đức Thịnh (2008),2,,
Như Cầm,Như Cầm,birth_date,,,,,ethnicity,,,,,,
Lãnh Thanh,Lãnh Thanh,birth_date,,,,,ethnicity,,,,,,
Angela Phương Trinh,Angela Phương Trinh,birth_date,"Thành phố Hồ Chí Minh, Việt Nam","Ca sĩ, Diễn viên, Người mẫu",,Việt Nam,ethnicity,,,,,,
Đỗ Đức Thịnh,Đỗ Đức Thịnh,birth_date,"Sài Gòn – Gia Định, Cộng hòa miền Nam Việt Nam","Diễn viên, Doanh nhân, Nhà làm phim",,Việt Nam,ethnicity,2002–nay,,Lê Thị Thanh Thúy (2008),2,,Danh sách
Thanh Thúy (sinh 1982),Thanh Thúy (sinh 1982),birth_date,"Thành phố Hồ Chí Minh, Việt Nam","Diễn viên, Doanh nhân, Người dẫn chương trình, Nhà sản xuất điện ảnh",,Việt Nam,ethnicity,2002 – nay,,Đỗ Đức Thịnh (2008),2,,
Nguyễn Du,Nguyễn Du,birth_date,,,,,ethnicity,,,,,,
Thanh Hoài (nghệ sĩ chèo),Thanh Hoài (nghệ sĩ chèo),birth_date,"Hưng Hà, Thái Bình, Việt Nam Dân chủ Cộng hòa",Diễn viên sân khấu,,,ethnicity,,,,,,
Nguyễn Vinh Sơn,Nguyễn Vinh Sơn,birth_date,"Huế, Quốc gia Việt Nam",Đạo diễn,,Việt Nam,ethnicity,1974–nay,,,,,
Bùi Bài Bình,Bùi Bài Bình,birth_date,,Diễn viên điện ảnh,,Việt Nam,ethnicity,1975 &ndash; nay,,,,,
Hoàng Yến (diễn viên),Hoàng Yến (diễn viên),birth_date,,,,,ethnicity,,,,,,
Nguyễn Thị Thu An,Nguyễn Thị Thu An,birth_date,,,,Việt Nam,ethnicity,,,,,,
Tuấn Dương,Tuấn Dương,birth_date,,"Diễn viên (hài, điện ảnh)",,,ethnicity,,,,,,
Việt Anh (diễn viên),Việt Anh (diễn viên),birth_date,,"Diễn viên, Đạo diễn, nhà sản xuất, Người dẫn chương trình",*Trường Đại học Kinh tế Quốc dân,Việt Nam,ethnicity,2004 – nay,,*Thùy Linh (2007) *Trần Hương (2016),2,,
Bích Ngọc,Bích Ngọc,birth_date,,,,,ethnicity,,,,,,
Kiều Thanh,Kiều Thanh,birth_date,"Hà Nội, Việt Nam","Diễn viên truyền hình, Diễn viên sân khấu, Diễn viên điện ảnh",,Việt Nam,ethnicity,2001 – nay,,,,,
Nguyễn Kim Trang,Nguyễn Kim Trang,birth_date,,,,,ethnicity,,,,,,
Thanh Thủy (diễn viên sinh năm 1937),Thanh Thủy (diễn viên sinh năm 1937),birth_date,"Hải Phòng, Liên bang Đông Dương",Diễn viên điện ảnh,,,ethnicity,1961 – 2014,,,,,
Kiến An (diễn viên),Kiến An (diễn viên),birth_date,"Sài Gòn, Việt Nam Cộng hòa",Diễn viên,,,ethnicity,2004 - nay,,,,,
Nguyệt Hằng,Nguyệt Hằng,birth_date,,Diễn viên,,,ethnicity,,,Phạm Anh Tuấn,4,,
Diệu Thuần,Diệu Thuần,birth_date,"Cát Hải, Hải Phòng, Việt Nam Dân chủ Cộng hòa",Diễn viên,,,ethnicity,1978 - 2020,,,,,
Quang Tèo,Quang Tèo,birth_date,,,,Việt Nam,ethnicity,,,,,,
Thu Hương,Thu Hương,birth_date,Hà Nội,Diễn viên,,,ethnicity,,,,,,
Thanh Quý,Thanh Quý,birth_date,,Diễn viên,,Việt Nam,ethnicity,1976 – nay,,Thành Chương (họa sĩ) (1985-2004),,,
Vũ Hà (ca sĩ),Vũ Hà (ca sĩ),birth_date,"Sài Gòn, Việt Nam Cộng hòa",*Ca sĩ *Diễn viên *Người mẫu *Chuyên gia trang điểm,,,ethnicity,,,,,,
danh đề,danh đề,birth_date,,,,,ethnicity,,,,,,
Mel Gibson,Mel Gibson,birth_date,,,,,ethnicity,,,,,,
Harold G. Moore,Harold G. Moore,birth_date,,,,,ethnicity,,,,,,
Madeleine Stowe,Madeleine Stowe,birth_date,"Los Angeles, California, Hoa Kỳ",Diễn viên,,,ethnicity,,,Brian Benben (1982–nay),May Benben,,
Nguyễn Hữu An,Nguyễn Hữu An,birth_date,,,,,ethnicity,,,,,,
Sam Elliott,Sam Elliott,birth_date,,,,,ethnicity,,,,,,
Greg Kinnear,Greg Kinnear,birth_date,,,,,ethnicity,,,,,,
Chris Klein,Chris Klein,birth_date,,,,,ethnicity,,,,,,
Keri Russell,Keri Russell,birth_date,"Fountain Valley, California, Mỹ","Diễn viên, vũ công",,,ethnicity,1988–nay,,Shane Deary (2007),3,,
Barry Pepper,Barry Pepper,birth_date,,,,,ethnicity,,,,,,
Marc Blucas,Marc Blucas,birth_date,,,,,ethnicity,,,,,,
Ryan Hurst,Ryan Hurst,birth_date,,,,,ethnicity,,,,,,
Jsu Garcia,Jsu Garcia,birth_date,,,,,ethnicity,,,,,,
Jon Hamm,Jon Hamm,birth_date,"St. Louis, Missouri, Mỹ","Diễn viên, đạo diễn",,,ethnicity,,,,,,
Clark Gregg,Clark Gregg,birth_date,"Boston, Massachusetts, Mỹ","Diễn viên, đạo diễn, biên kịch, lồng tiếng",Đại học New York,,ethnicity,1988–nay,,Jennifer Grey (2001),1,,
Đinh Đức Thiện,Đinh Đức Thiện,birth_date,,,,,ethnicity,,,,,,
Lã Thanh Huyền,Lã Thanh Huyền,birth_date,"Hà Nội, Việt Nam","Diễn viên, Người dẫn chương trình, Người mẫu, Doanh nhân",Cao đẳng Nghệ thuật Hà Nội,,ethnicity,,"m= 1,60, frac= 2",Hoàng Trần Anh (2011),1,,
Tiến Lộc (diễn viên),Tiến Lộc (diễn viên),birth_date,"Phú Bình, Thái Nguyên",Diễn viên,,Việt Nam,ethnicity,2005–nay,,,,,
Dũng Nhi,Dũng Nhi,birth_date,"Hà Nội, Việt Nam Dân chủ Cộng hòa","Diễn viên , Giáo viên (đã thôi việc)",Đại học sư phạm,,ethnicity,1973 -,,,,,
Thiện Tùng,Thiện Tùng,birth_date,Hà Nội,Diễn viên,,,ethnicity,,,,,,
Tùng Maru,Tùng Maru,birth_date,,,,,ethnicity,,,,,,
Khánh Như,Khánh Như,birth_date,,,,,ethnicity,,,,,,
Lê Khắc Minh,Lê Khắc Minh,birth_date,,,,,ethnicity,,,,,,
Lâm Văn Quốc,Lâm Văn Quốc,birth_date,,,,,ethnicity,,,,,,
Phương Quỳnh,Phương Quỳnh,birth_date,,,,,ethnicity,,,,,,
Nguyễn Gia Linh,Nguyễn Gia Linh,birth_date,,,,,ethnicity,,,,,,
Gina M,Gina M,birth_date,,,,,ethnicity,,,,,,
Kang Phạm,Kang Phạm,birth_date,,,,,ethnicity,,,,,,
Bạch Tuyết (nghệ sĩ cải lương),Bạch Tuyết (nghệ sĩ cải lương),birth_date,"An Phú, An Giang, Liên bang Đông Dương","Diễn viên sân khấu, Nhà viết kịch, Diễn viên điện ảnh, Nhà nghiên cứu",,Việt Nam,ethnicity,"1971–1973, 2018",,,,,
Phạm Thị Ngọc Trinh,Phạm Thị Ngọc Trinh,birth_date,"Sài Gòn, Việt Nam Cộng hòa","Diễn viên, đạo diễn sân khấu, giảng viên",Nghệ thuật Sân khấu 2,,ethnicity,1990–2025,,Kim Se-hyuk (2009),,,
Hoa Thúy,Hoa Thúy,birth_date,"Đông Anh, Hà Nội, Việt Nam",Diễn viên,,,ethnicity,1997 – nay,,"Tùng Dương (1997), Peter Lê (2010)",,,
Đức Sơn (diễn viên),Đức Sơn (diễn viên),birth_date,Hà Nội,Diễn viên,,,ethnicity,,,,,,
Minh Châu (diễn viên),Minh Châu (diễn viên),birth_date,,"Diễn viên điện ảnh, diễn viên truyền hình",,Việt Nam,ethnicity,1980 – nay,,,,,
Cao Minh Đạt,Cao Minh Đạt,birth_date,,Diễn viên,,Việt Nam,ethnicity,1995 – nay,,,,,
Lê Hồng Quang (diễn viên),Lê Hồng Quang (diễn viên),birth_date,,Diễn viên,,,ethnicity,1996 - nay,,,,,
Nguyễn Vĩnh Xương,Nguyễn Vĩnh Xương,birth_date,"Hà Nội, Việt Nam Dân chủ Cộng hòa",Diễn viên,,Việt Nam,ethnicity,2002–nay,,,,,
Quốc Tuấn (diễn viên),Quốc Tuấn (diễn viên),birth_date,Hà Nội,"Diễn viên, Đạo diễn",,,ethnicity,1994 – nay,,,,,
Hoàng Lan (diễn viên),Hoàng Lan (diễn viên),birth_date,,"Diễn viên điện ảnh, diễn viên truyền hình, Diễn viên sân khấu",,Việt Nam,ethnicity,,,,,,
Trần Hạnh,Trần Hạnh,birth_date,,"Diễn viên sân khấu, Diễn viên truyền hình, Diễn viên điện ảnh",,25px Việt Nam,ethnicity,,,,,,
ếch,ếch,birth_date,,,,,ethnicity,,,,,,
thác,thác,birth_date,,,,,ethnicity,,,,,,
Rocker Nguyen,Rocker Nguyen,birth_date,"Thành phố Hồ Chí Minh, Việt Nam","Ca sĩ, Nhạc sĩ, Người dẫn chương trình, Người mẫu ảnh, Vlogger, Diễn viên điện ảnh, Diễn viên truyền hình",Đại học Monash,Việt Nam,ethnicity,"2017 – 2018, 2022 – nay",,,,,
